userid,label,inf,type1,type2,type3,times
24503,0,0.2901503164556962,0.5050583657587548,0.7278391390540924,0.05437553101104503,0.21778532993486263,0.0,0.0,0.0,0.0,1.0,1.0,1.0,1.0,0.0,1.0,1.0,1.0
22903,0,1.4661654135338347,0.14285714285714285,0.34146341463414637,0.12195121951219512,0.5365853658536586,0.0,0.0,1.0,1.0,1.0,1.0,1.0,1.0,1.0,0.0,0.0,0.0
382393,0,0.7212121212121212,1.6524137931034484,0.6782039289055192,0.2039289055191768,0.11786716557530402,0.0,0.0,0.0,0.0,1.0,1.0,1.0,1.0,1.0,1.0,0.0,0.0
286543,0,0.5757250268528464,0.23577235772357724,0.5420094007050529,0.386310223266745,0.07168037602820211,0.0,0.0,0.0,1.0,1.0,1.0,1.0,1.0,1.0,1.0,1.0,0.0
438023,0,2.557471264367816,0.006776034236804565,0.9722607489597781,0.015603328710124827,0.012135922330097087,0.0,0.0,0.0,0.0,1.0,1.0,1.0,1.0,1.0,1.0,1.0,0.0
586003,0,2.3979591836734695,0.5301204819277109,0.4029126213592233,0.3737864077669903,0.22330097087378642,0.0,0.0,0.0,0.0,0.0,1.0,1.0,1.0,1.0,1.0,1.0,1.0
628563,0,2.032258064516129,0.018433179723502304,0.8714859437751004,0.020080321285140562,0.10843373493975904,0.0,0.0,0.0,0.0,1.0,1.0,1.0,1.0,1.0,1.0,1.0,0.0
769985,0,0.8864668483197093,0.2322623828647925,0.7929936305732485,0.16454352441613587,0.04246284501061571,0.0,0.0,0.0,1.0,1.0,1.0,1.0,1.0,1.0,0.0,0.0,0.0
2007021,0,0.9742793791574279,0.27718906860011155,0.5901909150757078,0.14450296247531272,0.2653061224489796,0.0,0.0,0.0,0.0,1.0,1.0,1.0,1.0,0.0,1.0,1.0,0.0
2731681,0,1.75,0.023255813953488372,0.8376623376623377,0.09740259740259741,0.06493506493506493,0.0,0.0,0.0,1.0,1.0,1.0,1.0,1.0,1.0,1.0,1.0,0.0
3909541,0,2.9059561128526648,0.014510278113663845,0.6076414401175606,0.045554739162380606,0.3468038207200588,0.0,0.0,0.0,0.0,0.0,1.0,1.0,1.0,1.0,1.0,1.0,1.0
5863152,0,0.6697150896939852,0.4747536945812808,0.5167037861915368,0.17181037225580656,0.3114858415526567,0.0,0.0,0.0,1.0,1.0,1.0,1.0,1.0,0.0,0.0,0.0,0.0
6082972,0,0.5449101796407185,0.5741703318672531,0.772390364422483,0.04972205064854849,0.1778875849289685,0.0,0.0,0.0,1.0,1.0,1.0,1.0,1.0,1.0,1.0,0.0,0.0
6175692,0,4.857142857142857,0.08571428571428572,0.5833333333333334,0.16666666666666666,0.25,0.0,0.0,0.0,0.0,1.0,1.0,0.0,1.0,1.0,1.0,0.0,0.0
6196392,0,1.0686274509803921,0.027805362462760674,0.8711072664359861,0.09515570934256055,0.03373702422145329,0.0,0.0,0.0,1.0,1.0,1.0,1.0,1.0,1.0,0.0,0.0,0.0
6618042,0,5.228571428571429,0.046875,0.7272727272727273,0.10227272727272728,0.17045454545454544,0.0,0.0,0.0,1.0,1.0,1.0,1.0,0.0,1.0,0.0,1.0,0.0
6677972,0,5.824404761904762,0.02679127725856698,0.7545839210155149,0.1386929948283968,0.10672308415608839,0.0,0.0,0.0,0.0,0.0,1.0,1.0,1.0,1.0,1.0,1.0,0.0
7246122,0,1.0246575342465754,0.0494458653026428,0.6549413735343383,0.17978782802903406,0.1652707984366276,0.0,0.0,0.0,0.0,1.0,1.0,1.0,1.0,1.0,1.0,0.0,0.0
7527052,0,1.1159420289855073,0.015536187949981054,0.801396902520498,0.1655025812329183,0.03310051624658366,0.0,0.0,0.0,0.0,1.0,1.0,0.0,0.0,0.0,0.0,1.0,1.0
7773732,0,0.2253994953742641,2.0149638802889576,0.5165245202558635,0.13939232409381663,0.3440831556503198,0.0,0.0,0.0,0.0,1.0,1.0,0.0,1.0,1.0,1.0,1.0,0.0
8029522,0,1.2011834319526626,0.06218487394957983,0.4430379746835443,0.39463886820551003,0.16232315711094564,0.0,0.0,0.0,1.0,1.0,1.0,0.0,0.0,1.0,1.0,1.0,0.0
9664862,0,1.4111111111111112,0.04712041884816754,0.8414096916299559,0.06167400881057269,0.09691629955947137,0.0,0.0,0.0,1.0,1.0,1.0,1.0,0.0,1.0,0.0,0.0,0.0
12179872,0,0.9445297083972813,0.5268505079825835,0.49520843315764257,0.17225682798275035,0.3325347388596071,0.0,0.0,0.0,1.0,1.0,1.0,1.0,1.0,1.0,1.0,0.0,0.0
12551742,0,0.09451681308694335,1.8409685863874345,0.4695759065765212,0.19391518131530425,0.3365089121081746,0.0,0.0,0.0,0.0,1.0,1.0,1.0,1.0,1.0,0.0,0.0,0.0
12700622,0,1.8992805755395683,0.038288288288288286,0.9262865090403338,0.029902642559109873,0.04381084840055633,0.0,0.0,0.0,1.0,1.0,1.0,1.0,1.0,0.0,1.0,1.0,1.0
12765892,0,3.5625,0.125,0.5,0.375,0.125,0.0,0.0,0.0,0.0,1.0,1.0,1.0,1.0,1.0,0.0,0.0,1.0
14321616,0,1.1400862068965518,0.008788449466415568,0.9493444576877235,0.010131108462455305,0.04052443384982122,0.0,0.0,0.0,0.0,0.0,1.0,0.0,1.0,1.0,1.0,0.0,0.0
14443340,0,0.7244414353419093,0.3157894736842105,0.532987012987013,0.13064935064935065,0.33636363636363636,0.0,0.0,0.0,0.0,1.0,1.0,1.0,1.0,1.0,0.0,0.0,0.0
14561441,0,1.8514851485148516,0.022458628841607566,0.9548532731376975,0.020316027088036117,0.024830699774266364,0.0,0.0,0.0,0.0,1.0,1.0,1.0,1.0,0.0,0.0,0.0,1.0
15455450,0,2.5822784810126582,0.0,0.038461538461538464,0.8076923076923077,0.15384615384615385,0.0,0.0,0.0,0.0,1.0,1.0,0.0,1.0,1.0,0.0,1.0,0.0
15453624,0,1.4375,0.24817518248175183,0.3325242718446602,0.1820388349514563,0.4854368932038835,0.0,0.0,0.0,0.0,0.0,1.0,1.0,1.0,1.0,1.0,1.0,1.0
15622858,0,3.2285714285714286,0.06824925816023739,0.7659090909090909,0.0659090909090909,0.16818181818181818,0.0,0.0,0.0,0.0,1.0,0.0,1.0,0.0,1.0,1.0,1.0,1.0
15788159,0,2.354285714285714,0.004711425206124852,0.9941451990632318,0.004391100702576112,0.0014637002341920376,0.0,0.0,0.0,1.0,1.0,0.0,1.0,1.0,0.0,0.0,1.0,1.0
15922136,0,1.079744816586922,0.07556675062972293,0.5664684898929846,0.24518430439952438,0.18834720570749108,0.0,0.0,0.0,1.0,1.0,1.0,1.0,1.0,0.0,1.0,1.0,1.0
16002194,0,0.14082503556187767,1.3323216995447649,0.38114517061885483,0.3059572006940428,0.31289762868710236,0.0,0.0,0.0,0.0,0.0,1.0,1.0,1.0,1.0,1.0,1.0,0.0
16183526,0,2.8714285714285714,0.12464589235127478,0.6281138790035588,0.23309608540925267,0.1387900355871886,0.0,0.0,0.0,0.0,0.0,1.0,1.0,1.0,1.0,1.0,1.0,1.0
16270293,0,1.7586206896551724,0.46568627450980393,0.6200607902735562,0.1337386018237082,0.24620060790273557,0.0,0.0,0.0,1.0,1.0,0.0,0.0,1.0,1.0,1.0,0.0,1.0
16303802,0,6.301587301587301,0.06532663316582915,0.5,0.38190954773869346,0.11809045226130653,0.0,0.0,0.0,0.0,0.0,1.0,1.0,1.0,1.0,1.0,1.0,1.0
16649518,0,2.522727272727273,0.19402985074626866,0.9305555555555556,0.06944444444444445,0.0,0.0,0.0,0.0,1.0,1.0,1.0,0.0,0.0,0.0,0.0,1.0,1.0
17085112,0,0.45098039215686275,0.07508833922261485,0.9792387543252595,0.003748558246828143,0.017012687427912343,1.0,1.0,0.0,0.0,0.0,0.0,1.0,1.0,0.0,0.0,1.0,1.0
17283453,0,0.5186721991701245,0.2840283241542093,0.5889712696941612,0.31881371640407785,0.09221501390176089,0.0,0.0,0.0,0.0,1.0,1.0,1.0,1.0,1.0,1.0,1.0,0.0
17421795,0,1.0775193798449612,0.04697986577181208,0.6382207578253707,0.08072487644151564,0.28105436573311365,0.0,0.0,0.0,0.0,0.0,1.0,1.0,1.0,1.0,1.0,1.0,1.0
17426567,0,2.8518518518518516,0.05917159763313609,0.4515698062792251,0.3179692718770875,0.23046092184368738,0.0,0.0,0.0,1.0,1.0,0.0,0.0,0.0,1.0,1.0,1.0,0.0
17844234,0,3.897196261682243,0.056084656084656084,0.21854764107308047,0.40795559666975023,0.37349676225716927,0.0,0.0,0.0,0.0,0.0,0.0,0.0,0.0,1.0,1.0,1.0,1.0
17992531,0,1.098360655737705,0.16806722689075632,0.6839080459770115,0.08620689655172414,0.22988505747126436,0.0,0.0,0.0,0.0,1.0,1.0,1.0,1.0,1.0,1.0,0.0,1.0
18721974,0,3.2598039215686274,0.15100316789862725,0.4541966426858513,0.10311750599520383,0.44268585131894483,0.0,0.0,0.0,1.0,1.0,1.0,0.0,1.0,1.0,1.0,1.0,0.0
18874774,0,1.028169014084507,0.048672566371681415,0.284098051539912,0.5436832181018227,0.17221873035826524,0.0,0.0,0.0,0.0,1.0,1.0,1.0,1.0,1.0,1.0,1.0,1.0
19706832,0,0.6277173913043478,0.1563517915309446,0.8580212409167133,0.08049189491335942,0.06148686416992733,0.0,0.0,0.0,0.0,1.0,1.0,1.0,1.0,1.0,0.0,0.0,0.0
19701419,0,1.1511387163561078,0.13096200485044462,0.3700269219264134,0.5973676338618008,0.03260544421178582,0.0,0.0,0.0,1.0,1.0,1.0,0.0,0.0,0.0,0.0,0.0,0.0
19973780,0,1.2043010752688172,0.017391304347826087,0.48557353976073186,0.3518648838845883,0.1625615763546798,0.0,0.0,0.0,0.0,0.0,1.0,1.0,0.0,0.0,1.0,1.0,1.0
20303000,0,2.169491525423729,0.02821011673151751,0.6830564784053156,0.11627906976744186,0.20066445182724252,0.0,0.0,0.0,0.0,1.0,1.0,1.0,1.0,1.0,0.0,1.0,1.0
20542869,0,4.103896103896104,0.15789473684210525,0.31843575418994413,0.34823091247672255,0.3333333333333333,0.0,0.0,0.0,1.0,0.0,1.0,1.0,0.0,1.0,1.0,1.0,0.0
20681942,0,1.5889679715302492,0.1949685534591195,0.6424242424242425,0.23393939393939395,0.12363636363636364,0.0,0.0,0.0,1.0,1.0,1.0,1.0,1.0,1.0,1.0,1.0,0.0
21133252,0,4.362637362637362,0.15873015873015872,0.5431034482758621,0.3275862068965517,0.12931034482758622,0.0,0.0,0.0,0.0,0.0,0.0,1.0,1.0,1.0,0.0,1.0,1.0
22015162,0,2.3609022556390977,0.15132605304212168,0.45590327169274536,0.16180654338549075,0.38229018492176386,0.0,0.0,0.0,1.0,1.0,1.0,0.0,1.0,1.0,1.0,1.0,0.0
22521283,0,0.2705855443732845,24426.988069414318,0.49042553191489363,0.022074468085106384,0.4875,0.0,0.0,0.0,1.0,1.0,1.0,1.0,1.0,1.0,1.0,0.0,0.0
22598920,0,0.9076149096729934,5.689655172413793,0.2903055848261328,0.31612223393045313,0.39357218124341414,0.0,0.0,0.0,0.0,1.0,1.0,1.0,1.0,1.0,0.0,0.0,0.0
22596491,0,2.240740740740741,0.23423423423423423,0.5311004784688995,0.19617224880382775,0.2727272727272727,0.0,0.0,0.0,1.0,1.0,1.0,1.0,1.0,1.0,1.0,0.0,0.0
22624920,0,1.0423529411764705,0.19940915805022155,0.5504065040650407,0.07940379403794037,0.370189701897019,0.0,0.0,0.0,1.0,0.0,0.0,1.0,0.0,0.0,0.0,1.0,1.0
22710614,0,3.0,0.0,0.8571428571428571,0.0,0.14285714285714285,0.0,0.0,0.0,0.0,0.0,0.0,0.0,0.0,0.0,0.0,1.0,1.0
22752192,0,5.157894736842105,0.4519230769230769,0.5909090909090909,0.07954545454545454,0.32954545454545453,0.0,0.0,0.0,0.0,0.0,1.0,1.0,0.0,1.0,1.0,1.0,0.0
22970058,0,0.9723546234509056,0.2959512719455392,0.686761811023622,0.2556594488188976,0.05757874015748032,0.0,0.0,0.0,1.0,0.0,0.0,1.0,1.0,0.0,1.0,1.0,1.0
23770754,0,1.3333333333333333,0.42857142857142855,0.7,0.0,0.3,0.0,0.0,0.0,0.0,1.0,0.0,1.0,1.0,0.0,1.0,1.0,0.0
24176877,0,0.6887589343729694,0.6117539585870889,0.8875675675675676,0.027837837837837838,0.08459459459459459,0.0,0.0,0.0,0.0,0.0,1.0,1.0,1.0,1.0,1.0,1.0,0.0
25046383,0,1.2189349112426036,0.10802469135802469,0.463519313304721,0.13304721030042918,0.4034334763948498,0.0,0.0,0.0,0.0,1.0,1.0,1.0,1.0,0.0,0.0,0.0,0.0
25484842,0,2.774834437086093,0.2926829268292683,0.07142857142857142,0.7935540069686411,0.13501742160278746,0.0,0.0,0.0,1.0,1.0,1.0,1.0,0.0,0.0,1.0,1.0,1.0
26261259,0,2.44,0.04065040650406504,0.6577540106951871,0.23529411764705882,0.10695187165775401,0.0,0.0,0.0,0.0,1.0,1.0,0.0,1.0,1.0,0.0,1.0,0.0
27315878,0,3.223844282238443,0.07311669128508123,0.8966887417218543,0.013245033112582781,0.09006622516556291,0.0,0.0,0.0,0.0,0.0,1.0,1.0,1.0,1.0,1.0,1.0,0.0
29742445,0,1.7198795180722892,0.3337730870712401,0.37084148727984345,0.4755381604696673,0.15362035225048923,0.0,0.0,0.0,0.0,1.0,1.0,1.0,1.0,1.0,1.0,1.0,0.0
31135311,0,2.537037037037037,0.14150943396226415,0.6162790697674418,0.3488372093023256,0.03488372093023256,0.0,0.0,0.0,0.0,1.0,1.0,1.0,1.0,1.0,0.0,0.0,0.0
31379656,0,4.369565217391305,0.008611410118406888,0.9743051914001049,0.002097535395909806,0.023597273203985317,0.0,0.0,0.0,0.0,1.0,1.0,1.0,1.0,1.0,1.0,1.0,0.0
33516491,0,3.8405797101449277,0.15693430656934307,0.5930735930735931,0.28679653679653677,0.12012987012987013,0.0,0.0,0.0,1.0,1.0,1.0,0.0,1.0,1.0,1.0,1.0,0.0
33679344,0,3.215909090909091,0.0797827903091061,0.8420682377769961,0.049947238832219486,0.10798452339078438,0.0,0.0,1.0,1.0,1.0,0.0,0.0,1.0,1.0,0.0,0.0,0.0
34580222,0,1.9615384615384615,0.0379746835443038,0.6062350119904076,0.37458033573141486,0.019184652278177457,0.0,0.0,0.0,0.0,1.0,1.0,1.0,1.0,1.0,0.0,0.0,0.0
36286962,0,0.28747203579418346,0.425314465408805,0.5494600431965443,0.3105831533477322,0.13995680345572353,0.0,0.0,0.0,0.0,1.0,1.0,1.0,1.0,1.0,1.0,0.0,0.0
37186955,0,1.7254901960784315,0.043037974683544304,0.7234432234432234,0.15934065934065933,0.11721611721611722,1.0,0.0,0.0,0.0,0.0,0.0,1.0,0.0,1.0,1.0,1.0,1.0
37204587,0,1.5078125,0.07747747747747748,0.594855305466238,0.10289389067524116,0.3022508038585209,0.0,0.0,0.0,0.0,0.0,1.0,1.0,1.0,1.0,1.0,1.0,1.0
39201963,0,1.108267716535433,0.17666989351403678,0.6080047086521483,0.266627427898764,0.1253678634490877,0.0,0.0,0.0,1.0,1.0,1.0,1.0,1.0,1.0,0.0,0.0,0.0
40337017,0,1.6512738853503184,0.1264,0.5728689275893676,0.18331805682859761,0.24381301558203483,0.0,0.0,0.0,0.0,1.0,1.0,1.0,0.0,1.0,1.0,1.0,0.0
43775439,0,0.7183098591549296,0.04616272360069244,0.5193287383877735,0.23673958645489962,0.24393167515732694,1.0,0.0,0.0,0.0,0.0,1.0,1.0,1.0,1.0,1.0,1.0,1.0
44358439,0,2.3125,0.02622950819672131,0.8310626702997275,0.09536784741144415,0.07356948228882834,0.0,0.0,0.0,0.0,0.0,1.0,1.0,1.0,0.0,1.0,1.0,1.0
44604091,0,0.8110236220472441,0.06190476190476191,0.5555555555555556,0.08068783068783068,0.3637566137566138,0.0,0.0,0.0,1.0,1.0,1.0,1.0,1.0,1.0,1.0,0.0,0.0
45110939,0,3.7313432835820897,0.3157894736842105,0.3220338983050847,0.13559322033898305,0.5423728813559322,0.0,0.0,0.0,0.0,1.0,0.0,1.0,1.0,1.0,1.0,1.0,1.0
45399578,0,10.444444444444445,0.14285714285714285,0.15730337078651685,0.8314606741573034,0.011235955056179775,0.0,0.0,0.0,0.0,1.0,1.0,1.0,1.0,0.0,0.0,0.0,0.0
45562154,0,2.0652173913043477,0.1111111111111111,0.5492957746478874,0.3286384976525822,0.12206572769953052,0.0,0.0,0.0,0.0,0.0,1.0,1.0,1.0,1.0,1.0,1.0,0.0
45603460,0,2.0,0.0,0.8823529411764706,0.058823529411764705,0.058823529411764705,0.0,0.0,0.0,1.0,0.0,0.0,0.0,0.0,1.0,1.0,1.0,0.0
47588692,0,0.700860357379219,1.8532289628180039,0.27238805970149255,0.11593816631130063,0.6116737739872068,0.0,0.0,0.0,1.0,1.0,1.0,1.0,0.0,1.0,1.0,1.0,1.0
47610275,0,3.135135135135135,0.07142857142857142,0.56,0.2,0.24,0.0,0.0,0.0,0.0,1.0,1.0,1.0,1.0,1.0,1.0,0.0,0.0
47708690,0,4.343434343434343,102820.49784482758,0.6714905933429812,0.10564399421128799,0.22286541244573083,0.0,0.0,0.0,0.0,1.0,1.0,1.0,1.0,0.0,1.0,1.0,0.0
49683347,0,1.6666666666666667,0.0,0.4,0.0,0.6,0.0,0.0,0.0,0.0,0.0,1.0,0.0,1.0,1.0,0.0,0.0,0.0
49726434,0,1.5364238410596027,0.11650485436893204,0.824,0.08,0.096,0.0,0.0,0.0,1.0,1.0,1.0,0.0,0.0,0.0,0.0,1.0,1.0
49951518,0,2.3529411764705883,0.08727272727272728,0.4330708661417323,0.16692913385826771,0.4,0.0,0.0,0.0,0.0,1.0,1.0,1.0,1.0,1.0,1.0,1.0,0.0
49961511,0,3.6666666666666665,0.0,0.8970588235294118,0.08088235294117647,0.022058823529411766,0.0,0.0,0.0,0.0,0.0,1.0,1.0,1.0,1.0,1.0,1.0,0.0
50594775,0,3.7252747252747254,0.21052631578947367,0.4318181818181818,0.20454545454545456,0.36363636363636365,0.0,0.0,0.0,0.0,1.0,1.0,1.0,1.0,1.0,1.0,0.0,1.0
50606585,0,1.182844243792325,0.17598343685300208,0.5366666666666666,0.08222222222222222,0.3811111111111111,0.0,0.0,0.0,1.0,0.0,0.0,1.0,0.0,1.0,1.0,1.0,0.0
50650272,0,1.3958333333333333,0.7222222222222222,0.5294117647058824,0.20955882352941177,0.2610294117647059,0.0,0.0,0.0,0.0,0.0,1.0,1.0,0.0,0.0,1.0,1.0,1.0
51065893,0,3.710526315789474,0.05894736842105263,0.3687888198757764,0.4440993788819876,0.18711180124223603,0.0,0.0,0.0,1.0,1.0,1.0,1.0,1.0,1.0,1.0,1.0,0.0
51169895,0,0.5532544378698225,0.46812620734063104,0.4782876501385895,0.18755774561133354,0.334154604250077,1.0,0.0,0.0,0.0,0.0,0.0,0.0,0.0,1.0,1.0,1.0,1.0
51484684,0,2.5833333333333335,0.09513274336283185,0.8946066303809995,0.0326571004453241,0.0727362691736764,0.0,0.0,0.0,1.0,0.0,0.0,1.0,1.0,1.0,1.0,1.0,0.0
52140322,0,3.533333333333333,0.45454545454545453,0.3548387096774194,0.16129032258064516,0.4838709677419355,0.0,0.0,0.0,0.0,1.0,0.0,0.0,1.0,1.0,0.0,0.0,0.0
53400463,0,1.6522633744855968,0.03941605839416058,0.8793324775353016,0.025673940949935817,0.09499358151476252,0.0,0.0,0.0,0.0,0.0,1.0,1.0,1.0,1.0,0.0,0.0,0.0
56336047,0,1.5775862068965518,0.10272168568920105,0.5953998954521693,0.14375326711970726,0.26084683742812337,0.0,0.0,0.0,0.0,1.0,1.0,1.0,1.0,1.0,1.0,1.0,0.0
57573169,0,0.5607531626949103,1.0552540700542674,0.42521501992867633,0.03650094398993078,0.5382840360813929,0.0,0.0,0.0,1.0,1.0,1.0,1.0,0.0,0.0,1.0,1.0,1.0
58017998,0,10.347826086956522,0.0,0.026119402985074626,0.08955223880597014,0.8843283582089553,0.0,0.0,0.0,0.0,1.0,1.0,1.0,0.0,1.0,1.0,0.0,0.0
58436154,0,2.2432432432432434,0.1506849315068493,0.8202247191011236,0.11235955056179775,0.06741573033707865,0.0,0.0,0.0,0.0,1.0,1.0,1.0,1.0,1.0,0.0,0.0,0.0
60340425,0,1.9333333333333333,0.0196078431372549,0.9053254437869822,0.023668639053254437,0.07100591715976332,0.0,0.0,0.0,0.0,1.0,0.0,1.0,1.0,0.0,1.0,1.0,1.0
60490488,0,0.5190092165898618,1.5375782881002087,0.7490226739640344,0.20797498045347929,0.04300234558248632,0.0,0.0,0.0,0.0,1.0,1.0,1.0,1.0,1.0,1.0,1.0,0.0
63501503,0,3.2,0.014084507042253521,0.797752808988764,0.07865168539325842,0.12359550561797752,0.0,0.0,0.0,1.0,0.0,1.0,0.0,0.0,0.0,1.0,1.0,0.0
65402914,0,2.6027397260273974,0.0389908256880734,0.4090056285178236,0.124765478424015,0.46622889305816134,0.0,0.0,0.0,0.0,0.0,1.0,1.0,0.0,1.0,1.0,1.0,1.0
67253599,0,1.3016949152542372,0.07099486221391874,0.6786053882725832,0.01838351822503962,0.3030110935023772,0.0,0.0,0.0,0.0,1.0,1.0,1.0,1.0,1.0,1.0,0.0,0.0
67887304,0,4.121052631578947,0.1354309165526676,0.7288135593220338,0.17048853439680958,0.10069790628115653,0.0,0.0,0.0,0.0,1.0,1.0,1.0,1.0,1.0,1.0,1.0,1.0
68123840,0,1.1,0.024390243902439025,0.803921568627451,0.058823529411764705,0.13725490196078433,0.0,0.0,0.0,0.0,1.0,1.0,1.0,1.0,0.0,1.0,1.0,1.0
68800287,0,5.45945945945946,0.0,0.5416666666666666,0.4166666666666667,0.041666666666666664,1.0,0.0,0.0,0.0,0.0,1.0,1.0,1.0,1.0,0.0,0.0,1.0
68940614,0,4.090909090909091,0.053763440860215055,0.6804878048780488,0.23658536585365852,0.08292682926829269,0.0,0.0,0.0,0.0,1.0,1.0,1.0,0.0,0.0,1.0,1.0,1.0
69575984,0,3.0,0.13725490196078433,0.7285714285714285,0.22857142857142856,0.04285714285714286,0.0,0.0,0.0,1.0,1.0,1.0,1.0,0.0,1.0,0.0,0.0,1.0
70228722,0,1.8450704225352113,0.1795774647887324,0.7376623376623377,0.11948051948051948,0.14285714285714285,0.0,0.0,0.0,1.0,1.0,1.0,1.0,0.0,0.0,1.0,1.0,0.0
74861616,0,2.921875,0.1056338028169014,0.445141065830721,0.4670846394984326,0.0877742946708464,0.0,0.0,0.0,0.0,1.0,1.0,1.0,1.0,1.0,0.0,0.0,0.0
76612795,0,1.3333333333333333,0.09655172413793103,0.5492424242424242,0.2878787878787879,0.16287878787878787,0.0,0.0,0.0,0.0,1.0,1.0,1.0,1.0,0.0,1.0,1.0,1.0
78845364,0,1.1779661016949152,0.22110552763819097,0.3537777777777778,0.5902222222222222,0.056,0.0,0.0,0.0,1.0,1.0,1.0,1.0,1.0,1.0,1.0,0.0,0.0
82062642,0,2.263157894736842,0.24793388429752067,0.8175675675675675,0.04054054054054054,0.14189189189189189,0.0,0.0,0.0,0.0,1.0,0.0,1.0,1.0,1.0,0.0,1.0,1.0
82118682,0,2.0,0.07142857142857142,0.7954545454545454,0.10227272727272728,0.10227272727272728,0.0,0.0,0.0,0.0,1.0,1.0,1.0,1.0,0.0,1.0,1.0,0.0
84361482,0,0.9615384615384616,0.13494539781591264,0.38018979833926453,0.23161328588374852,0.38819691577698695,0.0,0.0,0.0,0.0,1.0,1.0,1.0,1.0,1.0,1.0,1.0,1.0
84543942,0,1.434782608695652,0.13333333333333333,0.7692307692307693,0.10256410256410256,0.1282051282051282,0.0,0.0,0.0,0.0,1.0,1.0,0.0,1.0,0.0,1.0,0.0,1.0
84838434,0,1.616326530612245,0.18756585879873552,0.5421308197657813,0.18508997429305912,0.2727792059411597,0.0,0.0,0.0,0.0,1.0,1.0,1.0,1.0,1.0,1.0,1.0,0.0
85850428,0,10.0,0.3333333333333333,0.42857142857142855,0.0,0.5714285714285714,0.0,0.0,0.0,0.0,0.0,1.0,1.0,1.0,1.0,0.0,0.0,0.0
86538176,0,1.478448275862069,0.053910402429764616,0.8117103235747304,0.1605546995377504,0.02773497688751926,0.0,0.0,0.0,1.0,1.0,1.0,1.0,1.0,1.0,1.0,0.0,0.0
86626503,0,3.9654178674351583,0.09395973154362416,0.4214992927864215,0.5304101838755304,0.04809052333804809,1.0,0.0,0.0,0.0,0.0,1.0,1.0,1.0,1.0,0.0,0.0,1.0
86999643,0,2.566666666666667,0.125,0.3010752688172043,0.43548387096774194,0.26344086021505375,1.0,0.0,0.0,0.0,1.0,1.0,0.0,0.0,0.0,1.0,0.0,1.0
87029466,0,4.0,0.0,0.75,0.0,0.25,0.0,0.0,0.0,0.0,1.0,0.0,0.0,1.0,1.0,0.0,0.0,0.0
90436636,0,1.8769716088328077,0.06896551724137931,0.28230088495575223,0.17581120943952802,0.5418879056047198,0.0,0.0,0.0,0.0,1.0,1.0,1.0,1.0,1.0,1.0,1.0,0.0
91696007,0,2.3074074074074074,0.07547169811320754,0.7565071368597817,0.1897565071368598,0.05373635600335852,0.0,0.0,0.0,0.0,1.0,1.0,1.0,1.0,1.0,1.0,1.0,0.0
93378883,0,0.8011820330969267,1.7893845285149632,0.275599128540305,0.04855275443510738,0.6758481170245876,0.0,0.0,0.0,1.0,1.0,1.0,1.0,1.0,1.0,1.0,1.0,1.0
96114847,0,4.0,0.0,0.3333333333333333,0.0,0.6666666666666666,0.0,0.0,0.0,0.0,0.0,1.0,1.0,0.0,0.0,0.0,0.0,0.0
96146127,0,0.3870967741935484,0.013238289205702648,0.9665354330708661,0.024606299212598427,0.008858267716535433,0.0,0.0,0.0,1.0,1.0,1.0,0.0,1.0,0.0,0.0,0.0,0.0
96360063,0,0.9466666666666667,0.14558232931726908,0.3391215526046987,0.2802179094313926,0.38066053796390875,0.0,0.0,0.0,0.0,1.0,1.0,1.0,0.0,1.0,0.0,1.0,1.0
96450599,0,0.8150087260034904,0.11518915866741954,0.6363636363636364,0.15522817103844772,0.20840819259791593,0.0,0.0,0.0,0.0,0.0,1.0,1.0,0.0,1.0,1.0,1.0,0.0
96454595,0,1.7826086956521738,0.006048387096774193,0.9393939393939394,0.028409090909090908,0.032196969696969696,1.0,0.0,0.0,1.0,0.0,0.0,1.0,0.0,1.0,1.0,1.0,1.0
96727791,0,3.45,0.34,0.3597122302158273,0.29256594724220625,0.34772182254196643,0.0,0.0,0.0,0.0,1.0,1.0,1.0,1.0,1.0,1.0,0.0,1.0
96737211,0,3.064516129032258,0.5428571428571428,0.20833333333333334,0.2261904761904762,0.5654761904761905,0.0,0.0,0.0,0.0,0.0,1.0,1.0,1.0,1.0,0.0,1.0,1.0
98127075,0,4.52542372881356,0.041237113402061855,0.7652859960552268,0.20907297830374755,0.02564102564102564,1.0,0.0,0.0,0.0,0.0,1.0,1.0,1.0,1.0,1.0,1.0,1.0
103087081,0,2.6037735849056602,0.12631578947368421,0.510752688172043,0.18548387096774194,0.30376344086021506,0.0,0.0,0.0,0.0,1.0,0.0,1.0,1.0,1.0,1.0,1.0,1.0
105768989,0,0.44266666666666665,0.6957605985037406,0.4358695652173913,0.49130434782608695,0.07282608695652174,0.0,0.0,0.0,1.0,1.0,1.0,1.0,1.0,1.0,0.0,0.0,0.0
107193314,0,1.1875,0.07405614714424008,0.6600638977635783,0.08242811501597444,0.25750798722044727,0.0,0.0,0.0,0.0,0.0,0.0,0.0,0.0,1.0,1.0,1.0,1.0
107471115,0,0.16927899686520376,1.4338308457711442,0.5737938909506137,0.301741364544676,0.12446474450471025,0.0,0.0,0.0,0.0,1.0,1.0,1.0,1.0,1.0,0.0,1.0,0.0
107991930,0,1.7017543859649122,0.12658227848101267,0.6370967741935484,0.25,0.11290322580645161,0.0,0.0,0.0,0.0,1.0,1.0,1.0,1.0,1.0,0.0,1.0,0.0
108051742,0,0.8857142857142857,0.012903225806451613,0.9117647058823529,0.08235294117647059,0.0058823529411764705,0.0,0.0,0.0,0.0,1.0,1.0,1.0,1.0,0.0,1.0,1.0,0.0
109651861,0,2.1432225063938617,0.10615989515072084,0.6406381192275399,0.038623005877413935,0.32073887489504616,0.0,0.0,0.0,0.0,1.0,1.0,1.0,0.0,1.0,1.0,1.0,0.0
109848907,0,3.3394495412844036,0.20652173913043478,0.46464646464646464,0.27146464646464646,0.2638888888888889,0.0,0.0,0.0,0.0,0.0,1.0,0.0,1.0,1.0,1.0,1.0,1.0
110177863,0,2.4358974358974357,0.20437956204379562,0.1686153846153846,0.6529230769230769,0.17846153846153845,0.0,0.0,0.0,0.0,1.0,1.0,1.0,1.0,1.0,0.0,0.0,1.0
111054613,0,1.8089887640449438,0.072992700729927,0.5310077519379846,0.42248062015503873,0.046511627906976744,0.0,0.0,0.0,1.0,1.0,1.0,0.0,1.0,1.0,1.0,1.0,1.0
112232553,0,3.5833333333333335,0.04,0.7142857142857143,0.02857142857142857,0.2571428571428571,0.0,0.0,0.0,0.0,1.0,1.0,1.0,1.0,0.0,1.0,1.0,0.0
112419862,0,1.5462365591397849,0.06799784133837021,0.8744690891930156,0.04058518168947617,0.08494572911750826,0.0,0.0,0.0,0.0,1.0,1.0,1.0,1.0,1.0,1.0,0.0,0.0
112986371,0,3.0232558139534884,0.014338385907414994,0.6651226158038147,0.3329700272479564,0.0019073569482288828,0.0,0.0,0.0,0.0,0.0,1.0,1.0,1.0,1.0,0.0,0.0,0.0
113134931,0,1.3333333333333333,0.0,1.0,0.0,0.0,0.0,0.0,0.0,0.0,1.0,0.0,1.0,1.0,0.0,0.0,0.0,1.0
113971060,0,4.222222222222222,0.0055248618784530384,0.4713541666666667,0.3671875,0.16145833333333334,0.0,0.0,0.0,1.0,1.0,1.0,1.0,1.0,1.0,1.0,0.0,0.0
114726248,0,3.566137566137566,0.2267818574514039,0.3622848200312989,0.5101721439749609,0.12754303599374023,0.0,0.0,0.0,0.0,1.0,1.0,1.0,1.0,0.0,0.0,1.0,0.0
118241739,0,2.409090909090909,0.08333333333333333,0.75,0.0,0.25,0.0,0.0,0.0,0.0,0.0,1.0,0.0,0.0,0.0,1.0,1.0,1.0
118667244,0,2.3959390862944163,0.5635593220338984,0.20719929762949957,0.47146619841966636,0.32133450395083407,0.0,0.0,0.0,0.0,1.0,1.0,1.0,1.0,1.0,1.0,1.0,0.0
121045001,0,1.7759336099585061,0.05533980582524272,0.6019871420222093,0.09059029807130334,0.3074225599064874,0.0,0.0,0.0,0.0,1.0,1.0,1.0,1.0,1.0,0.0,1.0,0.0
122111595,0,0.2494199535962877,0.32,0.4339622641509434,0.5184905660377358,0.047547169811320754,0.0,0.0,0.0,0.0,1.0,1.0,1.0,1.0,1.0,1.0,0.0,0.0
125622122,0,1.6596638655462186,0.25,0.6206206206206206,0.16316316316316315,0.21621621621621623,0.0,0.0,0.0,0.0,0.0,0.0,0.0,0.0,0.0,1.0,1.0,1.0
125796953,0,0.7932816537467701,0.32667997338656024,0.4347700318194967,0.17558576800694242,0.3896442001735609,0.0,0.0,0.0,1.0,1.0,1.0,1.0,0.0,1.0,1.0,1.0,1.0
126065059,0,1.2142857142857142,0.21739130434782608,0.4825174825174825,0.18181818181818182,0.3356643356643357,0.0,0.0,0.0,0.0,0.0,1.0,1.0,1.0,1.0,1.0,1.0,0.0
126611558,0,0.8834244080145719,0.29838709677419356,0.4353423054417788,0.2083089526038619,0.3563487419543593,0.0,0.0,0.0,1.0,1.0,1.0,1.0,0.0,1.0,1.0,0.0,0.0
128857854,0,1.5648854961832062,0.253058596265293,0.41680085882984436,0.2799248523886205,0.3032742887815352,0.0,0.0,0.0,0.0,0.0,0.0,1.0,0.0,1.0,1.0,1.0,1.0
129176007,0,8.23076923076923,0.08333333333333333,0.2857142857142857,0.10317460317460317,0.6111111111111112,0.0,0.0,0.0,1.0,1.0,1.0,0.0,0.0,1.0,1.0,1.0,0.0
129515952,0,2.5343680709534366,0.2764830508474576,0.2215962441314554,0.6417840375586854,0.13661971830985917,0.0,0.0,0.0,0.0,0.0,0.0,0.0,0.0,1.0,1.0,1.0,1.0
131197741,0,0.29751552795031055,1.3977128335451081,0.7079460269865068,0.13853073463268367,0.15352323838080958,0.0,0.0,0.0,0.0,0.0,1.0,1.0,1.0,1.0,1.0,1.0,0.0
131202911,0,4.053571428571429,0.0,0.0,0.0,1.0,0.0,1.0,0.0,0.0,0.0,1.0,1.0,1.0,1.0,0.0,1.0,0.0
131559802,0,0.9483568075117371,0.0924181247196052,0.5969469737546866,0.14595607927155865,0.2570969469737547,0.0,0.0,0.0,0.0,1.0,1.0,1.0,1.0,1.0,0.0,1.0,1.0
131636321,0,2.6875,0.15772870662460567,0.44585091420534456,0.20675105485232068,0.34739803094233473,0.0,0.0,0.0,0.0,0.0,0.0,1.0,1.0,0.0,1.0,1.0,0.0
132569641,0,6.0,0.0,0.0,0.6666666666666666,0.3333333333333333,0.0,0.0,0.0,0.0,0.0,1.0,1.0,0.0,0.0,0.0,0.0,0.0
136368506,0,3.6363636363636362,0.1875,0.5925925925925926,0.3333333333333333,0.07407407407407407,0.0,0.0,0.0,0.0,0.0,1.0,1.0,1.0,1.0,1.0,1.0,1.0
139321563,0,1.7162162162162162,0.02711323763955343,0.775990099009901,0.08663366336633663,0.1373762376237624,0.0,0.0,0.0,0.0,1.0,1.0,1.0,0.0,1.0,1.0,1.0,1.0
140527863,0,2.6312292358803986,0.054252199413489736,0.8148148148148148,0.054958183990442055,0.13022700119474312,0.0,0.0,0.0,0.0,0.0,1.0,0.0,1.0,1.0,1.0,0.0,0.0
142239909,0,4.333333333333333,0.08928571428571429,0.3373493975903614,0.536144578313253,0.12650602409638553,0.0,0.0,0.0,1.0,0.0,1.0,0.0,1.0,1.0,1.0,1.0,0.0
144226252,0,1.6686746987951808,0.11267605633802817,0.5206666666666667,0.2763333333333333,0.203,0.0,0.0,0.0,0.0,1.0,1.0,1.0,1.0,1.0,0.0,1.0,1.0
145422178,0,4.0606060606060606,0.0794392523364486,0.5083135391923991,0.36104513064133015,0.13064133016627077,0.0,0.0,0.0,0.0,0.0,1.0,1.0,1.0,1.0,1.0,1.0,1.0
146215776,0,0.20933333333333334,0.6466189856957087,0.5826861147944686,0.2852813032771358,0.13203258192839554,0.0,0.0,0.0,0.0,1.0,1.0,0.0,0.0,1.0,0.0,1.0,0.0
149248959,0,1.2043269230769231,1.1336842105263158,0.46049442559379544,0.5099369849733398,0.02956858943286476,0.0,0.0,0.0,0.0,1.0,1.0,1.0,0.0,1.0,1.0,1.0,1.0
151607467,0,1.6580645161290322,0.09818181818181818,0.78125,0.17045454545454544,0.048295454545454544,0.0,0.0,0.0,0.0,1.0,1.0,1.0,1.0,1.0,1.0,0.0,0.0
152905850,0,1.0581039755351682,0.6013261500207211,0.7113797169811321,0.17659198113207547,0.11202830188679246,0.0,0.0,0.0,1.0,0.0,0.0,0.0,0.0,0.0,1.0,1.0,0.0
154197349,0,2.515151515151515,0.003561887800534283,0.9565587734241908,0.01192504258943782,0.03151618398637138,0.0,0.0,0.0,0.0,0.0,0.0,0.0,0.0,0.0,1.0,1.0,1.0
154477852,0,2.8085106382978724,0.4316546762589928,0.6881188118811881,0.15594059405940594,0.15594059405940594,0.0,0.0,0.0,0.0,1.0,1.0,1.0,1.0,1.0,1.0,1.0,1.0
154547583,0,2.2413087934560325,0.12481857764876633,0.46998635743519784,0.41678035470668484,0.11323328785811733,0.0,0.0,0.0,1.0,1.0,1.0,0.0,1.0,0.0,0.0,1.0,1.0
156039467,0,2.882943143812709,0.028445006321112517,0.5911808669656203,0.2952167414050822,0.11360239162929746,0.0,0.0,0.0,0.0,1.0,1.0,1.0,1.0,1.0,1.0,1.0,0.0
157042531,0,0.02641535874439462,9.860587002096436,0.1887987334256877,0.27547991292301605,0.5357213536512963,0.0,0.0,0.0,1.0,1.0,1.0,1.0,1.0,1.0,1.0,0.0,0.0
157604170,0,2.596026490066225,0.07692307692307693,0.6039823008849557,0.16150442477876106,0.2345132743362832,0.0,0.0,0.0,0.0,1.0,1.0,1.0,0.0,1.0,1.0,1.0,0.0
160557792,0,1.8620689655172413,0.02692664809656453,0.7326530612244898,0.16394557823129252,0.10340136054421768,0.0,0.0,0.0,0.0,0.0,1.0,1.0,1.0,1.0,1.0,1.0,1.0
163075114,0,1.1993957703927491,0.014604150653343582,0.5615019421665948,0.15709969788519637,0.2813983599482089,0.0,0.0,0.0,0.0,1.0,1.0,1.0,1.0,1.0,1.0,1.0,0.0
163479707,0,0.601965601965602,101729.89110143123,0.48638014527845036,0.28541162227602906,0.22820823244552058,0.0,0.0,0.0,0.0,1.0,1.0,1.0,1.0,1.0,1.0,1.0,1.0
167823878,0,0.9020979020979021,0.10767468499427263,0.5017241379310344,0.1528735632183908,0.3454022988505747,0.0,0.0,0.0,0.0,1.0,1.0,1.0,1.0,1.0,0.0,0.0,0.0
171640056,0,2.0678466076696167,0.013636363636363636,0.8693197854925204,0.12023708721422523,0.010443127293254304,0.0,0.0,0.0,1.0,1.0,1.0,1.0,1.0,0.0,0.0,1.0,0.0
171971541,0,1.5454545454545454,0.0,0.25,0.25,0.5,0.0,0.0,0.0,0.0,0.0,0.0,0.0,1.0,1.0,1.0,0.0,0.0
173411197,0,3.797979797979798,0.234375,0.33773087071240104,0.5461741424802111,0.11609498680738786,0.0,0.0,0.0,0.0,1.0,1.0,1.0,1.0,1.0,1.0,0.0,0.0
174354016,0,7.244897959183674,0.26666666666666666,0.30612244897959184,0.30612244897959184,0.3877551020408163,0.0,0.0,0.0,0.0,0.0,0.0,1.0,1.0,0.0,1.0,1.0,1.0
180573776,0,3.647887323943662,0.05451713395638629,0.26457861116834946,0.2948691531011745,0.44055223573047597,0.0,0.0,0.0,0.0,1.0,1.0,1.0,1.0,1.0,1.0,1.0,1.0
180912768,0,7.761904761904762,0.15789473684210525,0.4166666666666667,0.04824561403508772,0.5350877192982456,0.0,0.0,0.0,0.0,1.0,1.0,0.0,1.0,0.0,1.0,1.0,1.0
182511218,0,9.166666666666666,0.05128205128205128,0.8297872340425532,0.10638297872340426,0.06382978723404255,0.0,0.0,0.0,0.0,0.0,0.0,1.0,1.0,1.0,1.0,0.0,0.0
183959464,0,1.0740740740740742,0.08446866485013624,0.5360794624598305,0.19924043236926672,0.26468010517090274,0.0,0.0,1.0,1.0,1.0,1.0,1.0,0.0,0.0,1.0,1.0,0.0
184048837,0,2.7663551401869158,0.17427385892116182,0.4577397910731244,0.3570750237416904,0.18518518518518517,0.0,0.0,0.0,0.0,1.0,1.0,0.0,1.0,1.0,1.0,1.0,1.0
184777483,0,6.0,0.08288770053475936,0.43742690058479533,0.43157894736842106,0.13099415204678364,0.0,0.0,0.0,0.0,1.0,1.0,1.0,1.0,1.0,1.0,1.0,0.0
185178011,0,2.727272727272727,0.3448275862068966,0.5,0.10344827586206896,0.39655172413793105,0.0,0.0,0.0,0.0,0.0,1.0,1.0,1.0,1.0,0.0,0.0,0.0
185771893,0,3.4,0.10526315789473684,0.37012987012987014,0.461038961038961,0.16883116883116883,0.0,0.0,0.0,1.0,1.0,1.0,1.0,1.0,1.0,1.0,1.0,0.0
188047458,0,0.9336016096579477,0.12649800266311584,0.2050791916985254,0.531403604587657,0.2635172037138176,0.0,0.0,0.0,0.0,0.0,1.0,1.0,0.0,1.0,1.0,1.0,0.0
188043254,0,1.443859649122807,1.410420475319927,0.17035191529118654,0.2927436935534102,0.5369043911554033,0.0,0.0,0.0,0.0,0.0,0.0,0.0,0.0,1.0,1.0,1.0,1.0
189152524,0,3.272727272727273,0.09836065573770492,0.38125,0.0125,0.60625,0.0,0.0,0.0,0.0,1.0,1.0,0.0,1.0,1.0,1.0,1.0,0.0
192912616,0,1.434782608695652,0.14285714285714285,0.6829268292682927,0.12195121951219512,0.1951219512195122,0.0,0.0,0.0,1.0,1.0,1.0,0.0,0.0,1.0,0.0,1.0,0.0
195763762,0,1.042622950819672,0.1252129471890971,0.3536144578313253,0.07078313253012049,0.5756024096385542,0.0,0.0,1.0,1.0,0.0,0.0,0.0,0.0,0.0,1.0,1.0,0.0
196179205,0,0.027777777777777776,0.07923497267759563,0.9986357435197817,0.0006821282401091405,0.0006821282401091405,0.0,0.0,0.0,1.0,1.0,1.0,1.0,1.0,0.0,0.0,0.0,0.0
201724641,0,4.0,0.06153846153846154,0.7558139534883721,0.19767441860465115,0.046511627906976744,0.0,0.0,0.0,0.0,1.0,1.0,1.0,1.0,1.0,0.0,0.0,0.0
202220813,0,0.29066022544283415,1.0233009708737864,0.3898561695685087,0.30015140045420136,0.30999242997728993,0.0,0.0,0.0,0.0,0.0,1.0,1.0,1.0,1.0,1.0,1.0,0.0
202326763,0,3.7142857142857144,0.023809523809523808,0.14285714285714285,0.8129251700680272,0.04421768707482993,0.0,0.0,0.0,0.0,0.0,1.0,1.0,1.0,0.0,0.0,0.0,1.0
203583202,0,3.740740740740741,0.10727969348659004,0.34753661784287615,0.2396804260985353,0.41278295605858856,0.0,0.0,0.0,0.0,0.0,0.0,1.0,1.0,1.0,1.0,1.0,0.0
204444302,0,0.7787610619469026,0.03398058252427184,0.35374928448769316,0.6170578133943904,0.02919290211791643,0.0,0.0,0.0,1.0,1.0,1.0,1.0,1.0,1.0,1.0,0.0,0.0
204808236,0,1.836734693877551,0.1306122448979592,0.6109725685785536,0.24189526184538654,0.14713216957605985,0.0,0.0,0.0,0.0,1.0,1.0,1.0,1.0,1.0,0.0,0.0,0.0
207138462,0,2.7777777777777777,0.0,0.0,0.0,1.0,0.0,0.0,0.0,0.0,0.0,1.0,1.0,0.0,0.0,0.0,0.0,0.0
207490418,0,3.586520947176685,0.2488231338264963,0.501010781671159,0.318733153638814,0.18025606469002695,0.0,0.0,0.0,0.0,0.0,1.0,1.0,1.0,1.0,1.0,1.0,1.0
210525855,0,1.8181818181818181,0.15704967385850477,0.5976011994002999,0.21799100449775113,0.18440779610194902,0.0,0.0,0.0,1.0,1.0,0.0,0.0,0.0,0.0,1.0,1.0,1.0
211462267,0,1.56,0.31808278867102396,0.3500254194204372,0.09659379766141332,0.5533807829181495,0.0,0.0,0.0,0.0,1.0,0.0,0.0,0.0,0.0,1.0,1.0,1.0
213981500,0,0.32857142857142857,0.21962616822429906,0.6359583952451708,0.2436849925705795,0.12035661218424963,0.0,0.0,0.0,1.0,1.0,1.0,1.0,1.0,1.0,1.0,1.0,0.0
214967682,0,4.0,0.17857142857142858,0.4745762711864407,0.25,0.2754237288135593,0.0,0.0,0.0,0.0,1.0,1.0,1.0,1.0,1.0,0.0,0.0,0.0
215992174,0,2.0454545454545454,0.5714285714285714,0.4117647058823529,0.4117647058823529,0.17647058823529413,1.0,0.0,0.0,0.0,1.0,1.0,1.0,0.0,0.0,1.0,1.0,0.0
217232725,0,4.833333333333333,0.047619047619047616,0.7777777777777778,0.07407407407407407,0.14814814814814814,0.0,0.0,0.0,0.0,0.0,0.0,1.0,1.0,1.0,1.0,0.0,0.0
220859239,0,0.7133956386292835,0.9079136690647482,0.6027753686036427,0.36383347788378145,0.03339115351257589,0.0,0.0,0.0,0.0,1.0,1.0,1.0,1.0,1.0,1.0,0.0,0.0
221964205,0,1.5176991150442478,0.08444444444444445,0.746268656716418,0.1111111111111111,0.14262023217247097,1.0,0.0,0.0,0.0,0.0,0.0,1.0,1.0,1.0,1.0,1.0,1.0
222893837,0,1.205128205128205,0.03398058252427184,0.7344028520499108,0.0855614973262032,0.1800356506238859,0.0,0.0,0.0,1.0,1.0,1.0,0.0,1.0,1.0,1.0,0.0,0.0
223007169,0,5.0625,0.16666666666666666,0.32926829268292684,0.23780487804878048,0.4329268292682927,0.0,0.0,1.0,0.0,0.0,0.0,0.0,1.0,1.0,1.0,1.0,1.0
225060606,0,2.3636363636363638,0.6451612903225806,0.34065934065934067,0.3516483516483517,0.3076923076923077,0.0,0.0,0.0,0.0,0.0,0.0,0.0,1.0,1.0,1.0,1.0,1.0
226576785,0,1.7083333333333333,0.17602427921092564,0.3984280532043531,0.45102781136638453,0.1505441354292624,0.0,0.0,0.0,1.0,1.0,1.0,1.0,1.0,1.0,0.0,0.0,0.0
226923750,0,1.4426229508196722,0.24717285945072698,0.4671698113207547,0.29283018867924526,0.24,0.0,0.0,0.0,0.0,0.0,1.0,1.0,1.0,1.0,1.0,1.0,1.0
228711740,0,0.635016211208893,1.2729995721009841,0.6738754325259516,0.07670126874279123,0.2494232987312572,0.0,0.0,0.0,0.0,1.0,1.0,0.0,1.0,1.0,1.0,1.0,1.0
233533428,0,2.291866028708134,0.07949055775142731,0.6801075268817204,0.13859020310633213,0.18130227001194743,0.0,0.0,0.0,0.0,1.0,1.0,1.0,1.0,1.0,1.0,0.0,0.0
233890781,0,2.72,0.328125,0.39263803680981596,0.4171779141104294,0.1901840490797546,0.0,0.0,0.0,0.0,0.0,1.0,1.0,1.0,0.0,1.0,1.0,1.0
234430637,0,2.59375,0.2076271186440678,0.8535262206148282,0.06690777576853527,0.07956600361663653,0.0,0.0,0.0,1.0,1.0,1.0,1.0,1.0,0.0,0.0,0.0,0.0
237886553,0,4.666666666666667,0.0,1.0,0.0,0.0,0.0,0.0,0.0,0.0,0.0,0.0,1.0,1.0,1.0,1.0,1.0,0.0
238505344,0,3.5584415584415585,0.04080717488789238,0.7052498418722327,0.2647058823529412,0.03004427577482606,0.0,0.0,0.0,1.0,1.0,1.0,0.0,1.0,1.0,0.0,0.0,0.0
242272799,0,4.21505376344086,0.10398230088495575,0.4529058116232465,0.3216432865731463,0.22545090180360722,0.0,0.0,0.0,0.0,0.0,1.0,1.0,1.0,1.0,1.0,1.0,0.0
248134718,0,4.290322580645161,0.3,0.18018018018018017,0.40540540540540543,0.4144144144144144,0.0,0.0,0.0,0.0,1.0,1.0,1.0,1.0,1.0,1.0,0.0,0.0
252679829,0,1.3778625954198473,0.3151750972762646,0.4251447477253929,0.18527708850289495,0.38957816377171217,0.0,0.0,0.0,0.0,1.0,1.0,1.0,1.0,1.0,1.0,0.0,0.0
254602977,0,2.278787878787879,0.21428571428571427,0.6796116504854369,0.17475728155339806,0.14563106796116504,0.0,0.0,0.0,0.0,1.0,1.0,1.0,1.0,1.0,0.0,0.0,0.0
255499265,0,2.068825910931174,0.11085450346420324,0.1289458010720667,0.6813579511614056,0.1896962477665277,0.0,0.0,0.0,0.0,1.0,1.0,1.0,1.0,1.0,0.0,0.0,1.0
257111136,0,2.7,0.0,0.2857142857142857,0.7142857142857143,0.0,0.0,1.0,0.0,0.0,0.0,1.0,1.0,1.0,1.0,0.0,1.0,0.0
257400824,0,0.6666666666666666,0.08907922912205568,0.8138724294179156,0.136981526664343,0.049146043917741376,0.0,0.0,0.0,1.0,1.0,0.0,0.0,1.0,0.0,1.0,1.0,0.0
264133279,0,3.3714285714285714,0.15789473684210525,0.5671641791044776,0.3880597014925373,0.04477611940298507,0.0,0.0,0.0,0.0,1.0,1.0,1.0,0.0,1.0,0.0,1.0,1.0
265017059,0,1.63013698630137,0.15458015267175573,0.38728750923872873,0.2269031781226903,0.3858093126385809,0.0,0.0,0.0,0.0,1.0,0.0,0.0,0.0,1.0,1.0,1.0,1.0
265731317,0,3.2,0.10526315789473684,0.3958333333333333,0.3333333333333333,0.2708333333333333,0.0,1.0,0.0,0.0,0.0,0.0,0.0,0.0,1.0,1.0,1.0,1.0
267989312,0,4.396551724137931,0.043209876543209874,0.3741339491916859,0.4064665127020785,0.21939953810623555,0.0,0.0,0.0,0.0,0.0,0.0,0.0,1.0,0.0,1.0,1.0,1.0
271374532,0,3.5,0.0,0.08108108108108109,0.40540540540540543,0.5135135135135135,0.0,0.0,0.0,0.0,1.0,0.0,1.0,1.0,1.0,1.0,1.0,1.0
272121120,0,2.41025641025641,0.09595959595959595,0.5789473684210527,0.30409356725146197,0.11695906432748537,0.0,0.0,0.0,1.0,0.0,0.0,0.0,1.0,1.0,1.0,1.0,0.0
272911207,0,1.1428571428571428,0.0635593220338983,0.3920265780730897,0.3426079734219269,0.2653654485049834,0.0,0.0,0.0,1.0,1.0,1.0,1.0,1.0,1.0,1.0,1.0,0.0
275183383,0,4.714285714285714,0.14583333333333334,0.7111111111111111,0.1037037037037037,0.18518518518518517,1.0,0.0,0.0,0.0,1.0,1.0,0.0,0.0,0.0,0.0,1.0,1.0
276983152,0,4.58,0.017241379310344827,0.19661016949152543,0.7084745762711865,0.09491525423728814,0.0,0.0,0.0,1.0,1.0,1.0,1.0,1.0,0.0,0.0,1.0,1.0
281234838,0,1.5,0.0,0.24242424242424243,0.3939393939393939,0.36363636363636365,0.0,0.0,0.0,1.0,1.0,1.0,0.0,0.0,1.0,1.0,0.0,1.0
282523842,0,4.48,0.05263157894736842,0.23974763406940064,0.5899053627760252,0.17034700315457413,0.0,0.0,0.0,0.0,1.0,1.0,1.0,1.0,1.0,0.0,0.0,0.0
283013230,0,3.1176470588235294,0.15384615384615385,0.625,0.1971153846153846,0.1778846153846154,0.0,0.0,0.0,0.0,1.0,1.0,1.0,1.0,1.0,1.0,1.0,1.0
286690782,0,0.2261904761904762,0.24528301886792453,0.1079429735234216,0.038696537678207736,0.8533604887983707,0.0,0.0,0.0,0.0,1.0,1.0,0.0,1.0,0.0,1.0,1.0,1.0
286841761,0,1.0141010575793183,0.9699367088607594,0.13896218117854,0.4958223394898857,0.36521547933157433,0.0,0.0,0.0,0.0,0.0,1.0,0.0,0.0,1.0,1.0,1.0,1.0
290147254,0,2.0,0.07142857142857142,0.4666666666666667,0.03333333333333333,0.5,0.0,0.0,0.0,0.0,1.0,1.0,1.0,0.0,0.0,0.0,1.0,0.0
290494853,0,2.443396226415094,0.19621109607577808,0.5486265775798069,0.06533036377134373,0.3860430586488493,0.0,0.0,0.0,0.0,1.0,1.0,0.0,1.0,1.0,0.0,1.0,1.0
290585680,0,2.6863468634686347,0.14107883817427386,0.2834182673461388,0.5668365346922776,0.1497451979615837,0.0,0.0,0.0,0.0,0.0,0.0,1.0,1.0,1.0,1.0,1.0,1.0
291949510,0,1.4238975817923187,0.7545839210155149,0.22586811086333228,0.2851226505256451,0.48900923861102263,0.0,0.0,0.0,0.0,0.0,0.0,1.0,1.0,0.0,1.0,1.0,1.0
297023247,0,1.4318181818181819,0.12436548223350254,0.3408304498269896,0.2681660899653979,0.39100346020761245,0.0,0.0,0.0,0.0,0.0,1.0,1.0,1.0,1.0,1.0,1.0,1.0
299618434,0,3.8,1.2666666666666666,0.31746031746031744,0.5608465608465608,0.12169312169312169,0.0,0.0,0.0,0.0,1.0,1.0,1.0,1.0,0.0,0.0,0.0,0.0
303061039,0,1.6896551724137931,0.10775862068965517,0.8169014084507042,0.13380281690140844,0.04929577464788732,0.0,0.0,0.0,0.0,1.0,1.0,1.0,1.0,1.0,1.0,0.0,0.0
304268784,0,7.0,0.14285714285714285,0.18421052631578946,0.2894736842105263,0.5263157894736842,0.0,0.0,0.0,0.0,1.0,1.0,0.0,1.0,1.0,0.0,0.0,0.0
312691936,0,1.8563218390804597,0.03942652329749104,0.1569620253164557,0.47341772151898737,0.369620253164557,0.0,0.0,0.0,0.0,1.0,1.0,1.0,1.0,0.0,1.0,1.0,1.0
317336535,0,1.7922535211267605,0.19406392694063926,0.2927807486631016,0.18850267379679145,0.5187165775401069,0.0,0.0,0.0,0.0,0.0,0.0,1.0,1.0,1.0,1.0,1.0,1.0
321282277,0,1.125,0.03550295857988166,0.5434083601286174,0.05144694533762058,0.40514469453376206,0.0,1.0,0.0,0.0,0.0,1.0,1.0,1.0,1.0,0.0,1.0,1.0
326716112,0,4.821052631578947,0.017045454545454544,0.17153996101364521,0.26120857699805067,0.5672514619883041,0.0,0.0,0.0,0.0,0.0,1.0,1.0,0.0,1.0,1.0,1.0,1.0
328117388,0,21.5,0.0,0.0,0.0,1.0,0.0,0.0,0.0,0.0,1.0,0.0,0.0,0.0,0.0,0.0,0.0,0.0
331349150,0,4.077551020408163,0.01921229586935639,0.672046481601033,0.05487411233053583,0.27307940606843123,0.0,0.0,0.0,0.0,0.0,1.0,1.0,1.0,0.0,0.0,1.0,1.0
338966793,0,3.6545454545454548,0.14814814814814814,0.1696588868940754,0.4631956912028725,0.36714542190305205,0.0,0.0,0.0,0.0,1.0,1.0,1.0,1.0,1.0,1.0,1.0,1.0
342957744,0,5.357142857142857,0.05263157894736842,0.3877551020408163,0.2857142857142857,0.32653061224489793,0.0,0.0,0.0,0.0,0.0,0.0,1.0,1.0,1.0,1.0,1.0,1.0
343931635,0,2.140845070422535,0.054780876494023904,0.4576116681859617,0.2917046490428441,0.2506836827711942,0.0,0.0,0.0,1.0,1.0,1.0,0.0,0.0,1.0,0.0,1.0,0.0
344675728,0,8.0,0.0,0.8108108108108109,0.05405405405405406,0.13513513513513514,0.0,0.0,0.0,0.0,0.0,1.0,1.0,0.0,0.0,1.0,1.0,0.0
344780239,0,2.1904761904761907,0.08737864077669903,0.8784648187633263,0.02771855010660981,0.09381663113006397,0.0,0.0,0.0,0.0,1.0,1.0,1.0,1.0,1.0,1.0,1.0,0.0
344955391,0,5.056451612903226,0.05928853754940711,0.6454081632653061,0.10714285714285714,0.24744897959183673,1.0,0.0,0.0,0.0,0.0,1.0,1.0,1.0,1.0,1.0,1.0,0.0
353254693,0,1.368421052631579,0.0,1.0,0.0,0.0,0.0,0.0,0.0,0.0,0.0,0.0,1.0,0.0,0.0,1.0,0.0,0.0
353608206,0,3.6153846153846154,0.04819277108433735,0.6766304347826086,0.1358695652173913,0.1875,0.0,0.0,0.0,1.0,1.0,1.0,1.0,1.0,0.0,0.0,0.0,0.0
356979186,0,0.2516487330787921,1.2090699461952343,0.24381559220389806,0.07365067466266867,0.6825337331334332,0.0,0.0,0.0,1.0,1.0,1.0,0.0,1.0,1.0,1.0,1.0,1.0
359370934,0,2.25,0.0,0.14285714285714285,0.5714285714285714,0.2857142857142857,0.0,0.0,0.0,0.0,0.0,0.0,1.0,1.0,0.0,1.0,1.0,0.0
365993895,0,1.7829457364341086,0.08625,0.8556149732620321,0.06310160427807486,0.08128342245989305,0.0,0.0,0.0,0.0,1.0,1.0,1.0,1.0,1.0,1.0,1.0,0.0
370595287,0,3.836734693877551,0.14736842105263157,0.26170798898071623,0.3608815426997245,0.3774104683195592,0.0,0.0,0.0,0.0,0.0,0.0,0.0,1.0,0.0,0.0,1.0,1.0
372786191,0,2.0343283582089553,0.06382978723404255,0.6684901531728665,0.22538293216630198,0.1061269146608315,0.0,0.0,0.0,0.0,0.0,1.0,1.0,1.0,1.0,1.0,1.0,1.0
374138547,0,2.146198830409357,0.7297297297297297,0.37844217151848936,0.2934697088906373,0.3280881195908733,0.0,0.0,0.0,0.0,0.0,0.0,0.0,1.0,1.0,1.0,1.0,1.0
378814988,0,2.142857142857143,0.0,0.3333333333333333,0.3333333333333333,0.3333333333333333,0.0,0.0,1.0,0.0,0.0,0.0,1.0,0.0,1.0,1.0,0.0,1.0
379176983,0,3.4444444444444446,0.3333333333333333,0.15,0.55,0.3,0.0,0.0,0.0,0.0,0.0,1.0,0.0,0.0,1.0,1.0,1.0,1.0
379296310,0,1.4376623376623376,0.6670005007511267,0.43517106123338417,0.15907605142732623,0.4057528873392896,0.0,0.0,0.0,0.0,1.0,1.0,0.0,1.0,1.0,1.0,1.0,0.0
379728710,0,5.666666666666667,0.1111111111111111,0.47368421052631576,0.3508771929824561,0.17543859649122806,0.0,0.0,0.0,0.0,1.0,0.0,0.0,0.0,0.0,1.0,1.0,0.0
381384396,0,1.5714285714285714,0.0,0.8173076923076923,0.0,0.18269230769230768,0.0,0.0,0.0,0.0,1.0,1.0,0.0,0.0,0.0,1.0,1.0,0.0
383145557,0,2.657142857142857,0.43478260869565216,0.30154946364719903,0.2729439809296782,0.42550655542312277,1.0,0.0,0.0,0.0,0.0,1.0,0.0,0.0,0.0,0.0,1.0,1.0
384547005,0,10.142857142857142,0.11428571428571428,0.5384615384615384,0.08461538461538462,0.3769230769230769,0.0,0.0,0.0,0.0,1.0,1.0,1.0,1.0,1.0,0.0,0.0,0.0
384858886,0,1.7916666666666667,0.10284810126582279,0.3882063882063882,0.06572481572481573,0.5460687960687961,0.0,0.0,0.0,0.0,1.0,1.0,1.0,1.0,1.0,1.0,1.0,1.0
392094997,0,2.038922155688623,0.32665330661322645,0.15721487082545685,0.6405166981726528,0.20226843100189035,0.0,0.0,0.0,0.0,1.0,1.0,1.0,1.0,1.0,1.0,1.0,0.0
393255100,0,1.9361702127659575,0.11282051282051282,0.4148936170212766,0.3872340425531915,0.19787234042553192,0.0,0.0,0.0,1.0,1.0,1.0,1.0,0.0,1.0,1.0,1.0,0.0
395890746,0,2.6153846153846154,0.0,0.8367346938775511,0.04081632653061224,0.12244897959183673,0.0,0.0,0.0,0.0,0.0,1.0,1.0,0.0,1.0,1.0,1.0,1.0
397337275,0,9.19047619047619,0.009389671361502348,0.1427613941018767,0.012064343163538873,0.8451742627345844,0.0,0.0,0.0,0.0,0.0,1.0,0.0,1.0,1.0,1.0,1.0,1.0
400741034,0,0.7245508982035929,0.803347280334728,0.6789772727272727,0.09943181818181818,0.2215909090909091,0.0,0.0,0.0,0.0,1.0,1.0,0.0,0.0,1.0,1.0,1.0,1.0
400826236,0,1.8369565217391304,0.10596026490066225,0.7089201877934272,0.0892018779342723,0.20187793427230047,0.0,0.0,0.0,1.0,1.0,1.0,1.0,1.0,0.0,0.0,0.0,0.0
402034337,0,4.2,0.058823529411764705,0.5666666666666667,0.03333333333333333,0.4,0.0,0.0,0.0,0.0,0.0,0.0,0.0,1.0,0.0,1.0,1.0,0.0
405135128,0,7.764705882352941,0.3888888888888889,0.1956521739130435,0.5543478260869565,0.25,0.0,0.0,0.0,0.0,0.0,1.0,1.0,1.0,1.0,1.0,1.0,0.0
405611085,0,5.940639269406392,0.17357512953367876,0.6736474694589878,0.09947643979057591,0.2268760907504363,0.0,0.0,0.0,1.0,0.0,1.0,1.0,0.0,1.0,1.0,1.0,1.0
406150965,0,1.8529411764705883,0.19430051813471502,0.21492204899777284,0.311804008908686,0.4732739420935412,0.0,0.0,0.0,0.0,0.0,0.0,0.0,0.0,0.0,1.0,1.0,0.0
406923780,0,5.0,0.056338028169014086,0.5461538461538461,0.19230769230769232,0.26153846153846155,0.0,0.0,0.0,0.0,1.0,0.0,1.0,1.0,1.0,0.0,1.0,1.0
407302551,0,2.3529411764705883,0.16129032258064516,0.5081967213114754,0.2459016393442623,0.2459016393442623,0.0,0.0,0.0,0.0,0.0,0.0,1.0,1.0,0.0,1.0,1.0,1.0
408637014,0,0.9425287356321839,0.411214953271028,0.5487179487179488,0.1794871794871795,0.2717948717948718,0.0,0.0,0.0,0.0,0.0,1.0,1.0,0.0,1.0,1.0,1.0,1.0
409297732,0,2.8333333333333335,0.06802244039270687,0.4480050267043669,0.4665409990574929,0.08545397423814012,0.0,0.0,0.0,0.0,1.0,1.0,1.0,1.0,1.0,0.0,1.0,1.0
409503051,0,6.222222222222222,0.0,0.30357142857142855,0.5,0.19642857142857142,0.0,0.0,0.0,0.0,0.0,0.0,0.0,0.0,1.0,1.0,1.0,1.0
410193975,0,2.8208955223880596,0.26744186046511625,0.28859060402684567,0.5738255033557047,0.13758389261744966,0.0,0.0,0.0,1.0,0.0,1.0,1.0,0.0,1.0,1.0,1.0,0.0
412604603,0,14.0,0.04,0.211864406779661,0.3983050847457627,0.3898305084745763,0.0,0.0,0.0,0.0,0.0,1.0,1.0,0.0,1.0,1.0,1.0,0.0
421319874,0,2.1641791044776117,0.048582995951417005,0.0673391494002181,0.1079607415485278,0.8247001090512541,0.0,0.0,0.0,0.0,0.0,0.0,0.0,0.0,0.0,1.0,1.0,1.0
423410028,0,2.8403361344537816,0.4079601990049751,0.522077922077922,0.38181818181818183,0.09610389610389611,0.0,0.0,0.0,0.0,1.0,1.0,1.0,1.0,1.0,0.0,1.0,1.0
423649561,0,0.6521739130434783,0.2,0.3333333333333333,0.13333333333333333,0.5333333333333333,0.0,0.0,0.0,0.0,0.0,0.0,0.0,0.0,1.0,1.0,1.0,1.0
424920096,0,2.0963855421686746,0.10638297872340426,0.37968840161569534,0.3087132140796307,0.31159838430467396,0.0,0.0,0.0,0.0,0.0,1.0,1.0,1.0,1.0,1.0,1.0,1.0
425209420,0,5.0,0.0,0.8095238095238095,0.19047619047619047,0.0,0.0,0.0,0.0,0.0,1.0,0.0,0.0,1.0,1.0,1.0,1.0,1.0
426932675,0,14.75,0.0,0.3333333333333333,0.5,0.16666666666666666,0.0,0.0,0.0,0.0,0.0,0.0,0.0,1.0,1.0,1.0,1.0,0.0
428213157,0,2.2941176470588234,0.15384615384615385,0.29213483146067415,0.2808988764044944,0.42696629213483145,0.0,0.0,0.0,0.0,0.0,0.0,0.0,0.0,0.0,0.0,1.0,1.0
428259355,0,1.5303030303030303,0.10204081632653061,0.4608150470219436,0.45454545454545453,0.08463949843260188,0.0,0.0,0.0,1.0,1.0,1.0,0.0,1.0,1.0,1.0,1.0,0.0
428434740,0,3.870406189555126,0.09565217391304348,0.2804878048780488,0.2951219512195122,0.424390243902439,0.0,0.0,0.0,0.0,1.0,1.0,1.0,0.0,0.0,1.0,1.0,1.0
429414906,0,2.2854368932038835,0.06088992974238876,0.7620464009518144,0.1124330755502677,0.1255205234979179,0.0,0.0,0.0,1.0,1.0,0.0,1.0,1.0,0.0,1.0,1.0,1.0
433988089,0,6.004587155963303,0.0975609756097561,0.3525798525798526,0.33906633906633904,0.3083538083538084,0.0,0.0,0.0,0.0,0.0,1.0,1.0,0.0,1.0,1.0,1.0,0.0
435045600,0,2.3076923076923075,0.16666666666666666,0.2857142857142857,0.6666666666666666,0.047619047619047616,0.0,0.0,0.0,1.0,1.0,1.0,0.0,1.0,0.0,1.0,1.0,0.0
437392860,0,2.8222222222222224,0.04040404040404041,0.6073619631901841,0.22699386503067484,0.1656441717791411,0.0,0.0,0.0,1.0,0.0,1.0,1.0,1.0,0.0,1.0,1.0,0.0
437721739,0,9.0,0.0,0.25,0.0,0.75,0.0,0.0,1.0,0.0,1.0,0.0,0.0,1.0,0.0,0.0,0.0,0.0
550428173,0,8.333333333333334,0.043478260869565216,0.18699186991869918,0.016260162601626018,0.7967479674796748,0.0,0.0,0.0,0.0,0.0,0.0,0.0,1.0,0.0,1.0,1.0,1.0
479506412,0,3.5,0.0,0.0,0.0,0.0,0.0,0.0,0.0,0.0,0.0,0.0,0.0,0.0,0.0,0.0,0.0,0.0
440128266,0,3.7770419426048565,0.10643776824034334,0.4109347442680776,0.12874779541446207,0.4603174603174603,0.0,0.0,0.0,0.0,1.0,1.0,1.0,1.0,1.0,1.0,1.0,1.0
479815906,0,1.4690265486725664,0.375,0.1895734597156398,0.3033175355450237,0.5071090047393365,0.0,0.0,0.0,0.0,0.0,1.0,1.0,0.0,0.0,1.0,1.0,1.0
986364644,0,4.609756097560975,0.1,0.3448275862068966,0.5172413793103449,0.13793103448275862,0.0,0.0,0.0,0.0,0.0,0.0,1.0,1.0,1.0,1.0,0.0,0.0
552027659,0,0.32786885245901637,0.2478932584269663,0.36271013754457465,0.048395313295975545,0.5888945491594498,0.0,0.0,0.0,1.0,1.0,0.0,0.0,0.0,0.0,1.0,0.0,0.0
724632068,0,3.0588235294117645,0.10833333333333334,0.46875,0.17708333333333334,0.3541666666666667,1.0,0.0,0.0,0.0,0.0,0.0,0.0,0.0,1.0,1.0,1.0,1.0
987245388,0,6.5,0.0,0.45161290322580644,0.22580645161290322,0.3225806451612903,0.0,0.0,0.0,0.0,0.0,1.0,1.0,1.0,1.0,0.0,0.0,0.0
442592200,0,7.977777777777778,0.03773584905660377,0.27319587628865977,0.35051546391752575,0.37628865979381443,0.0,0.0,0.0,0.0,0.0,1.0,1.0,1.0,1.0,1.0,1.0,0.0
482148232,0,5.1525423728813555,0.3626373626373626,0.3170731707317073,0.3832752613240418,0.29965156794425085,1.0,0.0,0.0,0.0,0.0,0.0,0.0,0.0,0.0,0.0,1.0,1.0
446366385,0,3.3333333333333335,0.0,0.0,0.0,0.0,0.0,0.0,0.0,0.0,0.0,0.0,0.0,0.0,0.0,0.0,0.0,0.0
483227930,0,3.357142857142857,0.0,0.0593607305936073,0.6757990867579908,0.2648401826484018,0.0,0.0,0.0,1.0,0.0,1.0,1.0,1.0,1.0,1.0,1.0,0.0
483838785,0,0.6078066914498141,0.4269422665716322,0.5400307929176289,0.20515781370284836,0.2548113933795227,0.0,0.0,1.0,1.0,1.0,0.0,0.0,0.0,0.0,1.0,1.0,0.0
449195625,0,4.954545454545454,0.0,0.5454545454545454,0.36363636363636365,0.09090909090909091,0.0,0.0,0.0,1.0,0.0,0.0,1.0,1.0,1.0,1.0,1.0,1.0
995328134,0,1.9840425531914894,0.36482084690553745,0.13860045146726863,0.688939051918736,0.17246049661399548,0.0,0.0,0.0,0.0,0.0,1.0,1.0,1.0,1.0,1.0,1.0,1.0
486991172,0,2.4782608695652173,0.15977961432506887,0.37116564417177916,0.15030674846625766,0.4785276073619632,0.0,0.0,0.0,0.0,1.0,1.0,1.0,1.0,1.0,1.0,1.0,1.0
487275447,0,3.75,0.05405405405405406,0.9487179487179487,0.02564102564102564,0.02564102564102564,0.0,0.0,0.0,1.0,1.0,1.0,0.0,0.0,1.0,1.0,0.0,0.0
452726181,0,2.7058823529411766,0.02526595744680851,0.8245614035087719,0.10964912280701754,0.06578947368421052,0.0,0.0,1.0,1.0,1.0,1.0,1.0,1.0,1.0,1.0,0.0,0.0
453034522,0,5.035087719298246,0.3673469387755102,0.394524959742351,0.3252818035426731,0.28019323671497587,0.0,0.0,0.0,0.0,0.0,1.0,1.0,1.0,1.0,1.0,1.0,1.0
487880355,0,3.5923566878980893,0.28125,0.44755244755244755,0.3706293706293706,0.18181818181818182,0.0,0.0,0.0,0.0,0.0,1.0,0.0,1.0,1.0,1.0,1.0,0.0
754656198,0,5.733333333333333,0.038461538461538464,0.5531914893617021,0.031914893617021274,0.4148936170212766,0.0,0.0,0.0,0.0,1.0,1.0,1.0,0.0,0.0,1.0,0.0,0.0
1001305494,0,1.7012987012987013,0.03636363636363636,0.09990917347865577,0.8247048138056312,0.07538601271571299,0.0,0.0,0.0,0.0,1.0,1.0,1.0,1.0,0.0,0.0,0.0,0.0
561814955,0,2.36,0.0979381443298969,0.565597667638484,0.10495626822157435,0.3294460641399417,0.0,0.0,0.0,0.0,1.0,1.0,0.0,0.0,1.0,1.0,1.0,0.0
766507921,0,7.203389830508475,0.03333333333333333,0.2054794520547945,0.7397260273972602,0.0547945205479452,1.0,0.0,0.0,0.0,1.0,0.0,1.0,0.0,0.0,1.0,1.0,1.0
491275814,0,2.746031746031746,0.3228511530398323,0.6194805194805195,0.2805194805194805,0.1,0.0,0.0,0.0,1.0,1.0,1.0,1.0,1.0,1.0,1.0,0.0,0.0
491391312,0,2.6470588235294117,0.24,0.5555555555555556,0.13333333333333333,0.3111111111111111,0.0,0.0,0.0,0.0,1.0,0.0,1.0,1.0,1.0,1.0,0.0,0.0
769388442,0,1.8421052631578947,0.5633802816901409,0.12769784172661872,0.039568345323741004,0.8327338129496403,0.0,0.0,0.0,0.0,1.0,1.0,1.0,1.0,1.0,1.0,0.0,0.0
564751387,0,4.75,0.018726591760299626,0.8476190476190476,0.10476190476190476,0.047619047619047616,0.0,0.0,0.0,0.0,0.0,0.0,1.0,1.0,1.0,0.0,1.0,1.0
565292271,0,1.9789473684210526,0.07042253521126761,0.8068181818181818,0.0,0.19318181818181818,0.0,0.0,0.0,1.0,0.0,1.0,0.0,0.0,1.0,0.0,1.0,1.0
493462829,0,2.074766355140187,0.2971246006389776,0.4181696726786907,0.09752839011356046,0.48430193720774883,0.0,0.0,0.0,1.0,1.0,0.0,0.0,0.0,0.0,1.0,1.0,1.0
493919122,0,2.838709677419355,0.26229508196721313,0.21107266435986158,0.4740484429065744,0.314878892733564,0.0,0.0,0.0,0.0,0.0,0.0,1.0,1.0,1.0,1.0,1.0,0.0
462251578,0,11.25,0.10714285714285714,0.4057971014492754,0.2463768115942029,0.34782608695652173,0.0,1.0,0.0,1.0,1.0,1.0,0.0,1.0,0.0,1.0,1.0,1.0
495378971,0,1.84,0.28716216216216217,0.4805194805194805,0.33116883116883117,0.18831168831168832,0.0,0.0,0.0,0.0,1.0,1.0,1.0,0.0,0.0,1.0,1.0,1.0
464014539,0,1.3243243243243243,0.3611111111111111,0.4426229508196721,0.13114754098360656,0.4262295081967213,0.0,0.0,0.0,1.0,0.0,0.0,0.0,0.0,1.0,1.0,1.0,1.0
1017001452,0,4.25,0.0,0.0,0.0,1.0,0.0,0.0,0.0,0.0,1.0,0.0,0.0,0.0,0.0,0.0,0.0,0.0
1018511592,0,2.9,0.0,0.33974358974358976,0.5833333333333334,0.07692307692307693,0.0,1.0,0.0,0.0,0.0,1.0,1.0,1.0,0.0,1.0,1.0,1.0
499717759,0,2.1956521739130435,0.14285714285714285,0.1891891891891892,0.6860706860706861,0.12474012474012475,0.0,0.0,0.0,0.0,1.0,1.0,1.0,1.0,1.0,1.0,1.0,0.0
573824373,0,2.6904761904761907,0.2714285714285714,0.17073170731707318,0.6219512195121951,0.2073170731707317,0.0,0.0,0.0,0.0,1.0,0.0,1.0,1.0,1.0,1.0,0.0,0.0
499933271,0,3.022727272727273,0.296969696969697,0.559322033898305,0.08813559322033898,0.3525423728813559,0.0,0.0,0.0,0.0,1.0,1.0,1.0,1.0,0.0,1.0,1.0,1.0
469218793,0,0.6231593038821954,2.15086932136848,0.4301568154402895,0.24101326899879372,0.3288299155609168,0.0,0.0,0.0,0.0,1.0,1.0,1.0,1.0,0.0,1.0,1.0,1.0
501066121,0,1.0407470288624787,1.2373595505617978,0.1104047139091332,0.3312141417273996,0.5583811443634672,0.0,0.0,0.0,0.0,1.0,1.0,1.0,1.0,0.0,0.0,1.0,1.0
469454275,0,1.598639455782313,0.7810650887573964,0.3976470588235294,0.5294117647058824,0.07294117647058823,0.0,0.0,0.0,0.0,1.0,1.0,1.0,1.0,1.0,1.0,1.0,0.0
1028535421,0,9.666666666666666,0.05128205128205128,0.48148148148148145,0.345679012345679,0.1728395061728395,0.0,0.0,0.0,0.0,0.0,1.0,1.0,0.0,1.0,1.0,1.0,0.0
578266551,0,2.3454545454545452,0.037037037037037035,0.45622119815668205,0.29339477726574503,0.250384024577573,0.0,0.0,0.0,1.0,1.0,1.0,1.0,1.0,1.0,0.0,0.0,0.0
504803459,0,2.68,0.13793103448275862,0.6397058823529411,0.1323529411764706,0.22794117647058823,0.0,0.0,0.0,0.0,0.0,0.0,1.0,1.0,1.0,1.0,1.0,1.0
504944262,0,2.3493975903614457,0.039735099337748346,0.59526938239159,0.04424003504161191,0.36049058256679806,0.0,0.0,0.0,0.0,0.0,1.0,1.0,1.0,1.0,1.0,1.0,1.0
475246008,0,2.0208333333333335,0.25336927223719674,0.5159944367176634,0.4242002781641168,0.059805285118219746,0.0,0.0,0.0,1.0,1.0,0.0,1.0,0.0,0.0,1.0,1.0,1.0
475693524,0,14.266666666666667,0.0,0.08333333333333333,0.5,0.4166666666666667,0.0,0.0,0.0,0.0,1.0,1.0,1.0,0.0,0.0,1.0,1.0,1.0
819790166,0,3.608695652173913,0.4146341463414634,0.33884297520661155,0.5206611570247934,0.14049586776859505,0.0,0.0,0.0,0.0,0.0,1.0,1.0,0.0,1.0,1.0,1.0,1.0
477087533,0,3.7142857142857144,0.03125,0.6808510638297872,0.02127659574468085,0.2978723404255319,1.0,0.0,0.0,0.0,1.0,1.0,0.0,0.0,1.0,1.0,1.0,1.0
515405009,0,2.189189189189189,0.0273224043715847,0.4066666666666667,0.5466666666666666,0.04666666666666667,0.0,0.0,0.0,0.0,0.0,1.0,1.0,0.0,1.0,1.0,1.0,1.0
515909793,0,4.041666666666667,0.0,0.0,0.0,0.0,0.0,0.0,0.0,0.0,0.0,0.0,0.0,0.0,0.0,0.0,0.0,0.0
833089766,0,2.2185792349726774,0.298372513562387,0.16098981077147015,0.1467248908296943,0.6922852983988356,0.0,0.0,0.0,1.0,1.0,1.0,0.0,1.0,1.0,1.0,1.0,0.0
834141984,0,2.1923076923076925,0.3235294117647059,0.24285714285714285,0.44285714285714284,0.3142857142857143,0.0,0.0,0.0,0.0,0.0,1.0,1.0,1.0,1.0,0.0,1.0,1.0
525408377,0,3.393939393939394,0.16666666666666666,0.8,0.16666666666666666,0.03333333333333333,0.0,0.0,0.0,0.0,0.0,1.0,1.0,1.0,1.0,0.0,0.0,0.0
526702246,0,1.8571428571428572,0.0,0.4782608695652174,0.391304347826087,0.13043478260869565,0.0,0.0,0.0,0.0,0.0,1.0,1.0,1.0,0.0,1.0,1.0,1.0
602758496,0,7.882352941176471,0.0,0.6,0.4,0.0,0.0,0.0,0.0,0.0,1.0,0.0,0.0,0.0,0.0,0.0,1.0,1.0
866254687,0,5.333333333333333,0.09969788519637462,0.6186915887850467,0.1588785046728972,0.22242990654205608,0.0,0.0,0.0,1.0,0.0,1.0,0.0,0.0,1.0,1.0,1.0,1.0
535670031,0,4.4,0.10416666666666667,0.5274725274725275,0.04395604395604396,0.42857142857142855,0.0,0.0,0.0,0.0,0.0,1.0,1.0,1.0,0.0,1.0,1.0,1.0
605521007,0,0.20774647887323944,0.2978723404255319,0.7665647298674821,0.1926605504587156,0.040774719673802244,0.0,0.0,0.0,0.0,1.0,1.0,1.0,1.0,1.0,0.0,0.0,0.0
536512353,0,3.5454545454545454,0.017937219730941704,1.0,0.0,0.0,0.0,0.0,0.0,1.0,1.0,1.0,1.0,0.0,1.0,0.0,0.0,0.0
538395588,0,6.153846153846154,0.0,0.015625,0.11979166666666667,0.8645833333333334,0.0,0.0,0.0,1.0,1.0,1.0,0.0,1.0,0.0,1.0,1.0,0.0
607937852,0,4.346153846153846,0.2634730538922156,0.6185185185185185,0.15555555555555556,0.22592592592592592,0.0,0.0,0.0,0.0,1.0,1.0,1.0,1.0,1.0,1.0,1.0,0.0
539143317,0,1.4743589743589745,0.1320754716981132,0.5129032258064516,0.08602150537634409,0.4010752688172043,0.0,0.0,0.0,0.0,1.0,1.0,1.0,1.0,1.0,1.0,0.0,0.0
543301439,0,1.7274074074074075,0.10288808664259928,0.48111159357359967,0.4594007815892314,0.05948762483716891,0.0,0.0,0.0,0.0,1.0,1.0,1.0,0.0,0.0,0.0,1.0,1.0
543727249,0,1.8941605839416058,0.18384401114206128,0.37356919875130074,0.3017689906347555,0.32466181061394384,0.0,0.0,0.0,0.0,1.0,1.0,1.0,1.0,0.0,1.0,1.0,1.0
614249086,0,5.625,0.4666666666666667,0.46875,0.5,0.03125,0.0,0.0,0.0,0.0,1.0,0.0,1.0,0.0,0.0,1.0,0.0,0.0
893784643,0,2.9,0.03783783783783784,0.08592661402693916,0.6804458894565723,0.23362749651648862,0.0,0.0,0.0,0.0,0.0,1.0,1.0,0.0,1.0,1.0,1.0,0.0
898218318,0,3.388888888888889,0.03125,0.6956521739130435,0.043478260869565216,0.2608695652173913,0.0,0.0,0.0,1.0,1.0,0.0,0.0,1.0,0.0,1.0,1.0,0.0
899934248,0,1.4587542087542087,0.6676300578034682,0.37124463519313305,0.463519313304721,0.16523605150214593,0.0,0.0,0.0,1.0,1.0,1.0,0.0,1.0,0.0,1.0,1.0,0.0
621508569,0,4.2,0.0,0.9130434782608695,0.08695652173913043,0.0,1.0,0.0,0.0,0.0,1.0,1.0,0.0,0.0,1.0,0.0,1.0,1.0
622618462,0,4.384615384615385,0.0,0.09090909090909091,0.9090909090909091,0.0,0.0,0.0,0.0,0.0,0.0,0.0,1.0,1.0,1.0,1.0,1.0,1.0
916815853,0,4.219512195121951,0.09090909090909091,0.24444444444444444,0.42962962962962964,0.32592592592592595,0.0,0.0,0.0,0.0,1.0,1.0,1.0,1.0,0.0,0.0,0.0,0.0
919599445,0,3.2058823529411766,0.4444444444444444,0.32142857142857145,0.5,0.17857142857142858,0.0,0.0,0.0,0.0,0.0,0.0,1.0,0.0,0.0,1.0,1.0,1.0
629208634,0,2.7033898305084745,0.04748603351955307,0.7748917748917749,0.16233766233766234,0.06277056277056277,0.0,0.0,0.0,0.0,1.0,1.0,1.0,1.0,1.0,1.0,0.0,0.0
1147652996,0,5.0,0.0,0.0,0.0,0.0,0.0,0.0,0.0,0.0,0.0,0.0,0.0,0.0,0.0,0.0,0.0,0.0
938775151,0,1.1111111111111112,0.53125,0.6530612244897959,0.24489795918367346,0.10204081632653061,0.0,0.0,0.0,1.0,1.0,1.0,1.0,1.0,1.0,1.0,1.0,0.0
947759960,0,1.121212121212121,0.125,0.19047619047619047,0.14285714285714285,0.6666666666666666,0.0,0.0,0.0,0.0,0.0,1.0,1.0,1.0,1.0,0.0,1.0,0.0
948165787,0,3.9166666666666665,0.0,0.19047619047619047,0.38095238095238093,0.42857142857142855,0.0,0.0,0.0,1.0,1.0,1.0,0.0,0.0,0.0,1.0,1.0,0.0
955966339,0,2.75,0.19444444444444445,0.34177215189873417,0.5379746835443038,0.12025316455696203,0.0,0.0,0.0,0.0,0.0,1.0,1.0,1.0,1.0,1.0,1.0,0.0
960978096,0,2.142857142857143,0.782608695652174,0.3333333333333333,0.43478260869565216,0.2318840579710145,0.0,0.0,0.0,0.0,0.0,0.0,0.0,1.0,1.0,1.0,1.0,0.0
962500717,0,6.857142857142857,0.058823529411764705,0.37777777777777777,0.15555555555555556,0.4666666666666667,0.0,0.0,0.0,0.0,0.0,1.0,1.0,1.0,1.0,0.0,0.0,1.0
964327405,0,1.5185185185185186,0.0,0.4423076923076923,0.1346153846153846,0.4230769230769231,0.0,0.0,0.0,0.0,1.0,1.0,0.0,1.0,1.0,0.0,0.0,0.0
968350345,0,2.4761904761904763,0.0,0.41935483870967744,0.45161290322580644,0.12903225806451613,0.0,0.0,0.0,0.0,1.0,1.0,0.0,1.0,1.0,0.0,0.0,0.0
971643848,0,3.6315789473684212,0.13333333333333333,0.967741935483871,0.03225806451612903,0.0,0.0,0.0,0.0,1.0,1.0,1.0,1.0,1.0,0.0,0.0,1.0,0.0
974434579,0,2.712121212121212,0.04460966542750929,0.46459412780656306,0.36614853195164077,0.1692573402417962,0.0,0.0,0.0,0.0,0.0,0.0,1.0,1.0,1.0,0.0,0.0,0.0
982398253,0,6.0,0.15384615384615385,0.30952380952380953,0.16666666666666666,0.5238095238095238,0.0,0.0,0.0,0.0,0.0,1.0,1.0,0.0,1.0,1.0,1.0,1.0
982457101,0,3.888888888888889,0.3,0.4,0.6,0.0,0.0,0.0,0.0,0.0,0.0,0.0,1.0,1.0,0.0,1.0,1.0,1.0
982676647,0,2.526315789473684,0.0,0.09221902017291066,0.08645533141210375,0.8213256484149856,0.0,0.0,0.0,0.0,0.0,1.0,0.0,1.0,1.0,0.0,0.0,0.0
11990112,0,0.6568236233040702,0.6166281755196305,0.5165523411869967,0.16075156576200417,0.3226960930509991,1.0,0.0,0.0,0.0,1.0,1.0,1.0,1.0,1.0,1.0,1.0,1.0
14474989,0,0.4791666666666667,0.04664179104477612,0.9387040280210157,0.03677758318739054,0.024518388791593695,0.0,0.0,0.0,1.0,1.0,1.0,0.0,1.0,1.0,0.0,0.0,0.0
14867242,0,0.48936170212765956,0.1320754716981132,0.6424242424242425,0.006060606060606061,0.3515151515151515,0.0,0.0,0.0,1.0,1.0,1.0,1.0,0.0,0.0,1.0,0.0,0.0
15530118,0,1.9545454545454546,0.4722222222222222,0.7058823529411765,0.23529411764705882,0.058823529411764705,0.0,0.0,0.0,1.0,1.0,1.0,1.0,0.0,1.0,1.0,0.0,0.0
17498356,0,2.0625,0.12903225806451613,0.484375,0.484375,0.03125,0.0,0.0,0.0,0.0,1.0,1.0,1.0,1.0,0.0,1.0,0.0,1.0
19861856,0,0.7383966244725738,0.3126064735945486,0.3235942668136714,0.224090407938258,0.45231532524807055,0.0,0.0,0.0,0.0,0.0,1.0,1.0,1.0,1.0,0.0,0.0,0.0
22407164,0,3.5,0.0,0.05405405405405406,0.8108108108108109,0.13513513513513514,0.0,0.0,0.0,0.0,1.0,1.0,0.0,1.0,0.0,1.0,1.0,0.0
22600059,0,0.5,0.0,0.4,0.0,0.6,0.0,0.0,0.0,0.0,0.0,0.0,0.0,1.0,0.0,1.0,1.0,0.0
22840934,0,0.5714285714285714,0.11611541168191415,0.5148550724637682,0.25579710144927537,0.22934782608695653,0.0,0.0,0.0,0.0,1.0,1.0,0.0,0.0,0.0,1.0,1.0,1.0
22994885,0,0.612012987012987,0.7603053435114504,0.3830409356725146,0.3429824561403509,0.2739766081871345,0.0,0.0,0.0,0.0,1.0,1.0,1.0,1.0,1.0,1.0,1.0,0.0
30638954,0,1.263779527559055,0.12696148359486448,0.21961152882205515,0.5889724310776943,0.19141604010025062,0.0,0.0,0.0,0.0,1.0,1.0,1.0,1.0,1.0,1.0,1.0,0.0
31107779,0,2.0681818181818183,0.0,0.32575757575757575,0.4318181818181818,0.24242424242424243,0.0,0.0,0.0,1.0,1.0,1.0,1.0,0.0,0.0,0.0,1.0,1.0
45434489,0,1.11,0.13259668508287292,0.7125984251968503,0.07283464566929133,0.21456692913385828,0.0,0.0,0.0,0.0,0.0,1.0,1.0,1.0,0.0,1.0,1.0,1.0
47081262,0,2.033333333333333,0.5853658536585366,0.1453900709219858,0.6666666666666666,0.1879432624113475,0.0,0.0,0.0,1.0,1.0,1.0,1.0,1.0,1.0,1.0,1.0,0.0
47637732,0,2.0416666666666665,0.2727272727272727,0.09170688898639755,0.8753839403247038,0.03290917068889864,0.0,0.0,0.0,0.0,0.0,1.0,1.0,1.0,1.0,1.0,1.0,0.0
61728897,0,2.4146341463414633,0.11428571428571428,0.7142857142857143,0.24489795918367346,0.04081632653061224,0.0,0.0,0.0,0.0,0.0,1.0,1.0,1.0,1.0,0.0,0.0,0.0
72863207,0,0.8961032362952802,0.45010615711252655,0.8777760521820158,0.0029507687529119427,0.11927317906507222,1.0,0.0,0.0,0.0,0.0,0.0,1.0,1.0,1.0,1.0,1.0,0.0
80849401,0,1.25,0.054455445544554455,0.43628509719222464,0.5394168466522679,0.02429805615550756,1.0,0.0,0.0,0.0,0.0,0.0,1.0,1.0,1.0,1.0,1.0,0.0
91866630,0,0.0034194778720326164,11.716164207825528,0.7746583850931678,0.20745341614906831,0.017888198757763974,0.0,0.0,0.0,0.0,1.0,1.0,1.0,1.0,1.0,1.0,1.0,1.0
96109716,0,0.3333333333333333,0.030557677616501147,0.3625034616449737,0.4887842702852395,0.14871226806978677,0.0,0.0,0.0,0.0,0.0,1.0,1.0,1.0,1.0,1.0,1.0,1.0
118197667,0,0.4782608695652174,0.13615023474178403,0.6283185840707964,0.25073746312684364,0.12094395280235988,0.0,0.0,0.0,0.0,1.0,1.0,1.0,1.0,1.0,0.0,0.0,0.0
133387350,0,1.105263157894737,0.008583690987124463,0.9789915966386554,0.008403361344537815,0.012605042016806723,0.0,0.0,0.0,0.0,1.0,1.0,1.0,1.0,1.0,1.0,0.0,0.0
206326866,0,0.3076923076923077,0.0,0.6,0.2,0.2,0.0,0.0,0.0,0.0,1.0,1.0,0.0,0.0,0.0,1.0,1.0,0.0
240173232,0,1.064516129032258,0.03180914512922465,0.6383248730964467,0.32741116751269034,0.03426395939086294,0.0,0.0,0.0,0.0,1.0,1.0,1.0,1.0,0.0,0.0,1.0,1.0
240821668,0,1.9411764705882353,0.0,0.41379310344827586,0.13793103448275862,0.4482758620689655,0.0,0.0,0.0,1.0,0.0,0.0,0.0,1.0,0.0,1.0,0.0,0.0
254497239,0,0.7203389830508474,0.42628774422735344,0.2999467234949387,0.5343633457645178,0.16568993074054342,0.0,0.0,0.0,1.0,1.0,1.0,1.0,1.0,1.0,1.0,0.0,0.0
281623827,0,1.9558823529411764,0.10231023102310231,0.4397677793904209,0.047895500725689405,0.5123367198838897,0.0,0.0,0.0,0.0,1.0,1.0,1.0,1.0,1.0,0.0,1.0,0.0
294182639,0,1.75,0.031746031746031744,0.6176470588235294,0.37254901960784315,0.00980392156862745,0.0,0.0,0.0,1.0,0.0,1.0,1.0,0.0,1.0,1.0,1.0,0.0
305476548,0,1.4181818181818182,0.3404255319148936,0.5662650602409639,0.1927710843373494,0.24096385542168675,0.0,0.0,0.0,0.0,1.0,0.0,1.0,1.0,1.0,1.0,1.0,0.0
333412049,0,2.793103448275862,0.08662900188323917,0.7890044576523031,0.09063893016344725,0.12035661218424963,0.0,0.0,0.0,1.0,1.0,1.0,1.0,1.0,1.0,1.0,1.0,0.0
339887833,0,0.6923076923076923,0.32432432432432434,0.4457831325301205,0.0963855421686747,0.4578313253012048,0.0,0.0,0.0,0.0,1.0,1.0,1.0,1.0,1.0,1.0,1.0,1.0
363161920,0,1.1425,0.1645,0.3115264797507788,0.49672897196261684,0.19174454828660437,1.0,1.0,0.0,0.0,0.0,0.0,0.0,1.0,1.0,1.0,1.0,0.0
394789922,0,2.4285714285714284,0.10967741935483871,0.4813664596273292,0.12422360248447205,0.3944099378881988,0.0,0.0,0.0,0.0,0.0,0.0,1.0,1.0,1.0,1.0,0.0,0.0
397034400,0,0.7368421052631579,0.2857142857142857,0.5,0.09523809523809523,0.40476190476190477,0.0,1.0,1.0,0.0,0.0,0.0,0.0,1.0,1.0,1.0,1.0,0.0
425767265,0,1.5,0.0,0.25,0.0,0.75,0.0,0.0,0.0,0.0,1.0,1.0,0.0,0.0,0.0,1.0,0.0,0.0
425878819,0,3.4285714285714284,0.2708333333333333,0.3344947735191638,0.6480836236933798,0.017421602787456445,0.0,0.0,0.0,0.0,1.0,1.0,1.0,1.0,1.0,1.0,0.0,0.0
443896569,0,0.4568764568764569,0.5814447592067988,0.5070017953321364,0.2710951526032316,0.22190305206463196,0.0,0.0,0.0,0.0,0.0,1.0,1.0,1.0,1.0,1.0,1.0,0.0
488525613,0,7.5,0.0,0.8181818181818182,0.09090909090909091,0.09090909090909091,0.0,0.0,0.0,0.0,0.0,1.0,1.0,1.0,1.0,1.0,0.0,0.0
583885189,0,1.0358931552587647,0.43073593073593075,0.23227752639517346,0.048768225238813474,0.7189542483660131,0.0,0.0,0.0,1.0,1.0,1.0,1.0,1.0,1.0,0.0,1.0,0.0
588147020,0,1.8125,0.4,0.5,0.05,0.45,0.0,0.0,0.0,0.0,1.0,0.0,1.0,1.0,1.0,1.0,0.0,0.0
614133542,0,0.944954128440367,0.7947598253275109,0.7387096774193549,0.1935483870967742,0.06774193548387097,0.0,0.0,0.0,1.0,1.0,1.0,1.0,1.0,0.0,0.0,0.0,0.0
780431689,0,3.3333333333333335,0.0,1.0,0.0,0.0,0.0,0.0,0.0,0.0,0.0,0.0,0.0,1.0,0.0,0.0,0.0,0.0
791830218,0,1.8461538461538463,0.0,1.0,0.0,0.0,0.0,0.0,0.0,0.0,0.0,0.0,0.0,0.0,1.0,1.0,0.0,0.0
821873300,0,9.0,0.0,0.0,0.0,1.0,0.0,0.0,0.0,0.0,0.0,0.0,1.0,0.0,0.0,0.0,0.0,0.0
832044601,0,7.666666666666667,0.0,0.5357142857142857,0.21428571428571427,0.25,0.0,0.0,0.0,0.0,1.0,1.0,1.0,0.0,1.0,1.0,0.0,0.0
851100607,0,2.0,0.0,0.2222222222222222,0.2222222222222222,0.5555555555555556,0.0,0.0,0.0,0.0,0.0,0.0,1.0,1.0,1.0,0.0,1.0,0.0
890871740,0,1.1666666666666667,0.0,1.0,0.0,0.0,0.0,0.0,0.0,0.0,0.0,1.0,0.0,1.0,0.0,0.0,0.0,0.0
975603631,0,2.0,0.0,0.0,0.0,1.0,0.0,0.0,0.0,0.0,0.0,1.0,0.0,0.0,0.0,0.0,0.0,0.0
980531466,0,1.0,0.0,0.0,0.0,1.0,0.0,0.0,0.0,0.0,0.0,1.0,0.0,0.0,0.0,0.0,0.0,0.0
983033413,0,6.0,0.013513513513513514,0.5967741935483871,0.06451612903225806,0.3387096774193548,0.0,0.0,0.0,0.0,0.0,0.0,1.0,1.0,1.0,1.0,1.0,0.0
1010894497,0,1.1166666666666667,0.21686746987951808,0.3915094339622642,0.02830188679245283,0.5801886792452831,0.0,0.0,0.0,0.0,1.0,1.0,1.0,0.0,1.0,1.0,0.0,0.0
39588706,0,2.5,0.0,0.3333333333333333,0.3333333333333333,0.3333333333333333,0.0,0.0,0.0,0.0,1.0,0.0,1.0,1.0,0.0,0.0,0.0,0.0
13972932,0,0.07459831675592961,1.8497150997150997,0.4340030911901082,0.18021638330757342,0.3857805255023184,1.0,0.0,0.0,0.0,0.0,0.0,0.0,0.0,1.0,1.0,1.0,1.0
90626911,0,1.9215686274509804,0.1875,0.4,0.20625,0.39375,0.0,0.0,0.0,1.0,1.0,1.0,1.0,0.0,0.0,1.0,1.0,1.0
321257315,0,5.875,0.0,0.5,0.5,0.0,0.0,0.0,0.0,0.0,1.0,1.0,0.0,0.0,1.0,0.0,1.0,0.0
